This file contains any messages produced by compilers while
running configure, to aid debugging if configure makes a mistake.

It was created by re2c configure 3.0, which was
generated by GNU Autoconf 2.71.  Invocation command line was

  $ ./configure --enable-static --disable-shared --disable-nls --prefix=/ --bindir=/bin --sbindir=/bin --libexecdir=/bin --sysconfdir=/sys/lib --sharedstatedir=/srv --localstatedir=/srv --runstatedir=/srv --libdir=/amd64/lib/ape --includedir=/sys/include/ape --oldincludedir=/amd64/include/ape --datarootdir=/sys/lib/ape --datadir=/sys/lib/ape --infodir=/sys/lib/info --localedir=/sys/lib/ape/locale --mandir=/sys/man --docdir=/sys/doc --htmldir=/sys/doc --dvidir=/sys/doc --pdfdir=/sys/doc --psdir=/sys/doc

## --------- ##
## Platform. ##
## --------- ##

hostname = krypton
uname -m = amd64
uname -r = 4
uname -s = Plan9
uname -v = 0

/usr/bin/uname -p = unknown
/bin/uname -X     = unknown

/bin/arch              = unknown
/usr/bin/arch -k       = unknown
/usr/convex/getsysinfo = unknown
/usr/bin/hostinfo      = unknown
/bin/machine           = unknown
/usr/bin/oslevel       = unknown
/bin/universe          = unknown

PATH: /bin/


## ----------- ##
## Core tests. ##
## ----------- ##

configure:3021: looking for aux files: config.guess config.sub ltmain.sh compile missing install-sh
configure:3034:  trying ./build-aux/
configure:3063:   ./build-aux/config.guess found
configure:3063:   ./build-aux/config.sub found
configure:3063:   ./build-aux/ltmain.sh found
configure:3063:   ./build-aux/compile found
configure:3063:   ./build-aux/missing found
configure:3045:   ./build-aux/install-sh found
configure:3193: checking for a BSD-compatible install
configure:3266: result: /bin/ginstall -c
configure:3277: checking whether build environment is sane
configure:3332: result: yes
configure:3491: checking for a race-free mkdir -p
configure:3535: result: /bin/mkdir -p
configure:3542: checking for gawk
configure:3563: found /bin/gawk
configure:3574: result: gawk
configure:3585: checking whether make sets $(MAKE)
configure:3608: result: yes
configure:3638: checking whether make supports nested variables
configure:3656: result: yes
configure:3804: checking whether make supports nested variables
configure:3822: result: yes
configure:3861: checking whether make supports the include directive
configure:3876: make -f confmf.GNU && cat confinc.out
this is the am__doit target
configure:3879: $? = 0
configure:3898: result: yes (GNU style)
configure:3974: checking for gcc
configure:4009: result: no
configure:4077: checking for cc
configure:4103: found /bin/cc
configure:4126: result: cc
configure:4359: checking for C compiler version
configure:4368: cc --version >&5
cc: flag -- ignored
cc: flag -e ignored
cc: flag -r ignored
cc: flag -i ignored
cc: no files to compile or load
configure:4379: $? = 1
configure:4368: cc -v >&5
cc: no files to compile or load
configure:4379: $? = 1
configure:4368: cc -V >&5
cc: flag -V ignored
cc: no files to compile or load
configure:4379: $? = 1
configure:4368: cc -qversion >&5
cc: flag -q ignored
cc: flag -e ignored
cc: flag -r ignored
cc: flag -i ignored
cc: no files to compile or load
configure:4379: $? = 1
configure:4368: cc -version >&5
cc: flag -e ignored
cc: flag -r ignored
cc: flag -i ignored
cc: no files to compile or load
configure:4379: $? = 1
configure:4399: checking whether the C compiler works
configure:4421: cc    conftest.c  >&5
configure:4425: $? = 0
configure:4475: result: yes
configure:4478: checking for C compiler default output file name
configure:4480: result: a.out
configure:4486: checking for suffix of executables
configure:4493: cc -o conftest    conftest.c  >&5
configure:4497: $? = 0
configure:4520: result: 
configure:4542: checking whether we are cross compiling
configure:4550: cc -o conftest    conftest.c  >&5
configure:4554: $? = 0
configure:4561: ./conftest
configure:4565: $? = 0
configure:4580: result: no
configure:4585: checking for suffix of object files
configure:4608: cc -c   conftest.c >&5
configure:4612: $? = 0
configure:4634: result: o
configure:4638: checking whether the compiler supports GNU C
configure:4658: cc -c   conftest.c >&5
/usr/glenda/APExp/sys/src/external/re2c/conftest.c:16[stdin:17] syntax error, last name: me
cc: cpp: 6c 921: error
configure:4658: $? = 1
configure: failed program was:
| /* confdefs.h */
| #define PACKAGE_NAME "re2c"
| #define PACKAGE_TARNAME "re2c"
| #define PACKAGE_VERSION "3.0"
| #define PACKAGE_STRING "re2c 3.0"
| #define PACKAGE_BUGREPORT "re2c-general@lists.sourceforge.net"
| #define PACKAGE_URL ""
| #define PACKAGE "re2c"
| #define VERSION "3.0"
| /* end confdefs.h.  */
| 
| int
| main (void)
| {
| #ifndef __GNUC__
|        choke me
| #endif
| 
|   ;
|   return 0;
| }
configure:4668: result: no
configure:4679: checking whether cc accepts -g
configure:4700: cc -c -g  conftest.c >&5
configure:4700: $? = 0
configure:4744: result: yes
configure:4764: checking for cc option to enable C11 features
configure:4779: cc  -c -g  conftest.c >&5
/usr/glenda/APExp/sys/src/external/re2c/conftest.c:172[stdin:313] _Alignas: argument must be a positive power of 2
/usr/glenda/APExp/sys/src/external/re2c/conftest.c:174[stdin:315] _Alignas: argument must be a positive power of 2
/usr/glenda/APExp/sys/src/external/re2c/conftest.c:199[stdin:340] name not declared: syntax
/usr/glenda/APExp/sys/src/external/re2c/conftest.c:199[stdin:340] syntax error, last name: error
cpp: conftest.c:63 #error directive: "Compiler does not advertise C99 conformance"
cpp: conftest.c:167 #error directive: "Compiler does not advertise C11 conformance"
cc: 6c: cpp 953: errors
configure:4779: $? = 1
configure: failed program was:
| /* confdefs.h */
| #define PACKAGE_NAME "re2c"
| #define PACKAGE_TARNAME "re2c"
| #define PACKAGE_VERSION "3.0"
| #define PACKAGE_STRING "re2c 3.0"
| #define PACKAGE_BUGREPORT "re2c-general@lists.sourceforge.net"
| #define PACKAGE_URL ""
| #define PACKAGE "re2c"
| #define VERSION "3.0"
| /* end confdefs.h.  */
| 
| /* Does the compiler advertise C89 conformance?
|    Do not test the value of __STDC__, because some compilers set it to 0
|    while being otherwise adequately conformant. */
| #if !defined __STDC__
| # error "Compiler does not advertise C89 conformance"
| #endif
| 
| #include <stddef.h>
| #include <stdarg.h>
| struct stat;
| /* Most of the following tests are stolen from RCS 5.7 src/conf.sh.  */
| struct buf { int x; };
| struct buf * (*rcsopen) (struct buf *, struct stat *, int);
| static char *e (p, i)
|      char **p;
|      int i;
| {
|   return p[i];
| }
| static char *f (char * (*g) (char **, int), char **p, ...)
| {
|   char *s;
|   va_list v;
|   va_start (v,p);
|   s = g (p, va_arg (v,int));
|   va_end (v);
|   return s;
| }
| 
| /* OSF 4.0 Compaq cc is some sort of almost-ANSI by default.  It has
|    function prototypes and stuff, but not \xHH hex character constants.
|    These do not provoke an error unfortunately, instead are silently treated
|    as an "x".  The following induces an error, until -std is added to get
|    proper ANSI mode.  Curiously \x00 != x always comes out true, for an
|    array size at least.  It is necessary to write \x00 == 0 to get something
|    that is true only with -std.  */
| int osf4_cc_array ['\x00' == 0 ? 1 : -1];
| 
| /* IBM C 6 for AIX is almost-ANSI by default, but it replaces macro parameters
|    inside strings and character constants.  */
| #define FOO(x) 'x'
| int xlc6_cc_array[FOO(a) == 'x' ? 1 : -1];
| 
| int test (int i, double x);
| struct s1 {int (*f) (int a);};
| struct s2 {int (*f) (double a);};
| int pairnames (int, char **, int *(*)(struct buf *, struct stat *, int),
|                int, int);
| 
| // Does the compiler advertise C99 conformance?
| #if !defined __STDC_VERSION__ || __STDC_VERSION__ < 199901L
| # error "Compiler does not advertise C99 conformance"
| #endif
| 
| #include <stdbool.h>
| extern int puts (const char *);
| extern int printf (const char *, ...);
| extern int dprintf (int, const char *, ...);
| extern void *malloc (size_t);
| 
| // Check varargs macros.  These examples are taken from C99 6.10.3.5.
| // dprintf is used instead of fprintf to avoid needing to declare
| // FILE and stderr.
| #define debug(...) dprintf (2, __VA_ARGS__)
| #define showlist(...) puts (#__VA_ARGS__)
| #define report(test,...) ((test) ? puts (#test) : printf (__VA_ARGS__))
| static void
| test_varargs_macros (void)
| {
|   int x = 1234;
|   int y = 5678;
|   debug ("Flag");
|   debug ("X = %d\n", x);
|   showlist (The first, second, and third items.);
|   report (x>y, "x is %d but y is %d", x, y);
| }
| 
| // Check long long types.
| #define BIG64 18446744073709551615ull
| #define BIG32 4294967295ul
| #define BIG_OK (BIG64 / BIG32 == 4294967297ull && BIG64 % BIG32 == 0)
| #if !BIG_OK
|   #error "your preprocessor is broken"
| #endif
| #if BIG_OK
| #else
|   #error "your preprocessor is broken"
| #endif
| static long long int bignum = -9223372036854775807LL;
| static unsigned long long int ubignum = BIG64;
| 
| struct incomplete_array
| {
|   int datasize;
|   double data[];
| };
| 
| struct named_init {
|   int number;
|   const wchar_t *name;
|   double average;
| };
| 
| typedef const char *ccp;
| 
| static inline int
| test_restrict (ccp restrict text)
| {
|   // See if C++-style comments work.
|   // Iterate through items via the restricted pointer.
|   // Also check for declarations in for loops.
|   for (unsigned int i = 0; *(text+i) != '\0'; ++i)
|     continue;
|   return 0;
| }
| 
| // Check varargs and va_copy.
| static bool
| test_varargs (const char *format, ...)
| {
|   va_list args;
|   va_start (args, format);
|   va_list args_copy;
|   va_copy (args_copy, args);
| 
|   const char *str = "";
|   int number = 0;
|   float fnumber = 0;
| 
|   while (*format)
|     {
|       switch (*format++)
| 	{
| 	case 's': // string
| 	  str = va_arg (args_copy, const char *);
| 	  break;
| 	case 'd': // int
| 	  number = va_arg (args_copy, int);
| 	  break;
| 	case 'f': // float
| 	  fnumber = va_arg (args_copy, double);
| 	  break;
| 	default:
| 	  break;
| 	}
|     }
|   va_end (args_copy);
|   va_end (args);
| 
|   return *str && number && fnumber;
| }
| 
| 
| // Does the compiler advertise C11 conformance?
| #if !defined __STDC_VERSION__ || __STDC_VERSION__ < 201112L
| # error "Compiler does not advertise C11 conformance"
| #endif
| 
| // Check _Alignas.
| char _Alignas (double) aligned_as_double;
| char _Alignas (0) no_special_alignment;
| extern char aligned_as_int;
| char _Alignas (0) _Alignas (int) aligned_as_int;
| 
| // Check _Alignof.
| enum
| {
|   int_alignment = _Alignof (int),
|   int_array_alignment = _Alignof (int[100]),
|   char_alignment = _Alignof (char)
| };
| _Static_assert (0 < -_Alignof (int), "_Alignof is signed");
| 
| // Check _Noreturn.
| int _Noreturn does_not_return (void) { for (;;) continue; }
| 
| // Check _Static_assert.
| struct test_static_assert
| {
|   int x;
|   _Static_assert (sizeof (int) <= sizeof (long int),
|                   "_Static_assert does not work in struct");
|   long int y;
| };
| 
| // Check UTF-8 literals.
| #define u8 syntax error!
| char const utf8_literal[] = u8"happens to be ASCII" "another string";
| 
| // Check duplicate typedefs.
| typedef long *long_ptr;
| typedef long int *long_ptr;
| typedef long_ptr long_ptr;
| 
| // Anonymous structures and unions -- taken from C11 6.7.2.1 Example 1.
| struct anonymous
| {
|   union {
|     struct { int i; int j; };
|     struct { int k; long int l; } w;
|   };
|   int m;
| } v1;
| 
| 
| int
| main (int argc, char **argv)
| {
|   int ok = 0;
|   
| ok |= (argc == 0 || f (e, argv, 0) != argv[0] || f (e, argv, 1) != argv[1]);
| 
|   
|   // Check bool.
|   _Bool success = false;
|   success |= (argc != 0);
| 
|   // Check restrict.
|   if (test_restrict ("String literal") == 0)
|     success = true;
|   char *restrict newvar = "Another string";
| 
|   // Check varargs.
|   success &= test_varargs ("s, d' f .", "string", 65, 34.234);
|   test_varargs_macros ();
| 
|   // Check flexible array members.
|   struct incomplete_array *ia =
|     malloc (sizeof (struct incomplete_array) + (sizeof (double) * 10));
|   ia->datasize = 10;
|   for (int i = 0; i < ia->datasize; ++i)
|     ia->data[i] = i * 1.234;
| 
|   // Check named initializers.
|   struct named_init ni = {
|     .number = 34,
|     .name = L"Test wide string",
|     .average = 543.34343,
|   };
| 
|   ni.number = 58;
| 
|   int dynamic_array[ni.number];
|   dynamic_array[0] = argv[0][0];
|   dynamic_array[ni.number - 1] = 543;
| 
|   // work around unused variable warnings
|   ok |= (!success || bignum == 0LL || ubignum == 0uLL || newvar[0] == 'x'
| 	 || dynamic_array[ni.number - 1] != 543);
| 
|   
|   _Static_assert ((offsetof (struct anonymous, i)
| 		   == offsetof (struct anonymous, w.k)),
| 		  "Anonymous union alignment botch");
|   v1.i = 2;
|   v1.w.k = 5;
|   ok |= v1.i != 5;
| 
|   return ok;
| }
| 
configure:4779: cc -std=gnu11 -c -g  conftest.c >&5
/usr/glenda/APExp/sys/src/external/re2c/conftest.c:172[stdin:313] _Alignas: argument must be a positive power of 2
/usr/glenda/APExp/sys/src/external/re2c/conftest.c:174[stdin:315] _Alignas: argument must be a positive power of 2
/usr/glenda/APExp/sys/src/external/re2c/conftest.c:199[stdin:340] name not declared: syntax
/usr/glenda/APExp/sys/src/external/re2c/conftest.c:199[stdin:340] syntax error, last name: error
cc: flag -t ignored
cc: flag -d ignored
cc: flag -= ignored
cc: flag -n ignored
cc: flag -u ignored
cc: flag -1 ignored
cc: flag -1 ignored
cpp: conftest.c:63 #error directive: "Compiler does not advertise C99 conformance"
cpp: conftest.c:167 #error directive: "Compiler does not advertise C11 conformance"
cc: 6c: cpp 966: errors
configure:4779: $? = 1
configure: failed program was:
| /* confdefs.h */
| #define PACKAGE_NAME "re2c"
| #define PACKAGE_TARNAME "re2c"
| #define PACKAGE_VERSION "3.0"
| #define PACKAGE_STRING "re2c 3.0"
| #define PACKAGE_BUGREPORT "re2c-general@lists.sourceforge.net"
| #define PACKAGE_URL ""
| #define PACKAGE "re2c"
| #define VERSION "3.0"
| /* end confdefs.h.  */
| 
| /* Does the compiler advertise C89 conformance?
|    Do not test the value of __STDC__, because some compilers set it to 0
|    while being otherwise adequately conformant. */
| #if !defined __STDC__
| # error "Compiler does not advertise C89 conformance"
| #endif
| 
| #include <stddef.h>
| #include <stdarg.h>
| struct stat;
| /* Most of the following tests are stolen from RCS 5.7 src/conf.sh.  */
| struct buf { int x; };
| struct buf * (*rcsopen) (struct buf *, struct stat *, int);
| static char *e (p, i)
|      char **p;
|      int i;
| {
|   return p[i];
| }
| static char *f (char * (*g) (char **, int), char **p, ...)
| {
|   char *s;
|   va_list v;
|   va_start (v,p);
|   s = g (p, va_arg (v,int));
|   va_end (v);
|   return s;
| }
| 
| /* OSF 4.0 Compaq cc is some sort of almost-ANSI by default.  It has
|    function prototypes and stuff, but not \xHH hex character constants.
|    These do not provoke an error unfortunately, instead are silently treated
|    as an "x".  The following induces an error, until -std is added to get
|    proper ANSI mode.  Curiously \x00 != x always comes out true, for an
|    array size at least.  It is necessary to write \x00 == 0 to get something
|    that is true only with -std.  */
| int osf4_cc_array ['\x00' == 0 ? 1 : -1];
| 
| /* IBM C 6 for AIX is almost-ANSI by default, but it replaces macro parameters
|    inside strings and character constants.  */
| #define FOO(x) 'x'
| int xlc6_cc_array[FOO(a) == 'x' ? 1 : -1];
| 
| int test (int i, double x);
| struct s1 {int (*f) (int a);};
| struct s2 {int (*f) (double a);};
| int pairnames (int, char **, int *(*)(struct buf *, struct stat *, int),
|                int, int);
| 
| // Does the compiler advertise C99 conformance?
| #if !defined __STDC_VERSION__ || __STDC_VERSION__ < 199901L
| # error "Compiler does not advertise C99 conformance"
| #endif
| 
| #include <stdbool.h>
| extern int puts (const char *);
| extern int printf (const char *, ...);
| extern int dprintf (int, const char *, ...);
| extern void *malloc (size_t);
| 
| // Check varargs macros.  These examples are taken from C99 6.10.3.5.
| // dprintf is used instead of fprintf to avoid needing to declare
| // FILE and stderr.
| #define debug(...) dprintf (2, __VA_ARGS__)
| #define showlist(...) puts (#__VA_ARGS__)
| #define report(test,...) ((test) ? puts (#test) : printf (__VA_ARGS__))
| static void
| test_varargs_macros (void)
| {
|   int x = 1234;
|   int y = 5678;
|   debug ("Flag");
|   debug ("X = %d\n", x);
|   showlist (The first, second, and third items.);
|   report (x>y, "x is %d but y is %d", x, y);
| }
| 
| // Check long long types.
| #define BIG64 18446744073709551615ull
| #define BIG32 4294967295ul
| #define BIG_OK (BIG64 / BIG32 == 4294967297ull && BIG64 % BIG32 == 0)
| #if !BIG_OK
|   #error "your preprocessor is broken"
| #endif
| #if BIG_OK
| #else
|   #error "your preprocessor is broken"
| #endif
| static long long int bignum = -9223372036854775807LL;
| static unsigned long long int ubignum = BIG64;
| 
| struct incomplete_array
| {
|   int datasize;
|   double data[];
| };
| 
| struct named_init {
|   int number;
|   const wchar_t *name;
|   double average;
| };
| 
| typedef const char *ccp;
| 
| static inline int
| test_restrict (ccp restrict text)
| {
|   // See if C++-style comments work.
|   // Iterate through items via the restricted pointer.
|   // Also check for declarations in for loops.
|   for (unsigned int i = 0; *(text+i) != '\0'; ++i)
|     continue;
|   return 0;
| }
| 
| // Check varargs and va_copy.
| static bool
| test_varargs (const char *format, ...)
| {
|   va_list args;
|   va_start (args, format);
|   va_list args_copy;
|   va_copy (args_copy, args);
| 
|   const char *str = "";
|   int number = 0;
|   float fnumber = 0;
| 
|   while (*format)
|     {
|       switch (*format++)
| 	{
| 	case 's': // string
| 	  str = va_arg (args_copy, const char *);
| 	  break;
| 	case 'd': // int
| 	  number = va_arg (args_copy, int);
| 	  break;
| 	case 'f': // float
| 	  fnumber = va_arg (args_copy, double);
| 	  break;
| 	default:
| 	  break;
| 	}
|     }
|   va_end (args_copy);
|   va_end (args);
| 
|   return *str && number && fnumber;
| }
| 
| 
| // Does the compiler advertise C11 conformance?
| #if !defined __STDC_VERSION__ || __STDC_VERSION__ < 201112L
| # error "Compiler does not advertise C11 conformance"
| #endif
| 
| // Check _Alignas.
| char _Alignas (double) aligned_as_double;
| char _Alignas (0) no_special_alignment;
| extern char aligned_as_int;
| char _Alignas (0) _Alignas (int) aligned_as_int;
| 
| // Check _Alignof.
| enum
| {
|   int_alignment = _Alignof (int),
|   int_array_alignment = _Alignof (int[100]),
|   char_alignment = _Alignof (char)
| };
| _Static_assert (0 < -_Alignof (int), "_Alignof is signed");
| 
| // Check _Noreturn.
| int _Noreturn does_not_return (void) { for (;;) continue; }
| 
| // Check _Static_assert.
| struct test_static_assert
| {
|   int x;
|   _Static_assert (sizeof (int) <= sizeof (long int),
|                   "_Static_assert does not work in struct");
|   long int y;
| };
| 
| // Check UTF-8 literals.
| #define u8 syntax error!
| char const utf8_literal[] = u8"happens to be ASCII" "another string";
| 
| // Check duplicate typedefs.
| typedef long *long_ptr;
| typedef long int *long_ptr;
| typedef long_ptr long_ptr;
| 
| // Anonymous structures and unions -- taken from C11 6.7.2.1 Example 1.
| struct anonymous
| {
|   union {
|     struct { int i; int j; };
|     struct { int k; long int l; } w;
|   };
|   int m;
| } v1;
| 
| 
| int
| main (int argc, char **argv)
| {
|   int ok = 0;
|   
| ok |= (argc == 0 || f (e, argv, 0) != argv[0] || f (e, argv, 1) != argv[1]);
| 
|   
|   // Check bool.
|   _Bool success = false;
|   success |= (argc != 0);
| 
|   // Check restrict.
|   if (test_restrict ("String literal") == 0)
|     success = true;
|   char *restrict newvar = "Another string";
| 
|   // Check varargs.
|   success &= test_varargs ("s, d' f .", "string", 65, 34.234);
|   test_varargs_macros ();
| 
|   // Check flexible array members.
|   struct incomplete_array *ia =
|     malloc (sizeof (struct incomplete_array) + (sizeof (double) * 10));
|   ia->datasize = 10;
|   for (int i = 0; i < ia->datasize; ++i)
|     ia->data[i] = i * 1.234;
| 
|   // Check named initializers.
|   struct named_init ni = {
|     .number = 34,
|     .name = L"Test wide string",
|     .average = 543.34343,
|   };
| 
|   ni.number = 58;
| 
|   int dynamic_array[ni.number];
|   dynamic_array[0] = argv[0][0];
|   dynamic_array[ni.number - 1] = 543;
| 
|   // work around unused variable warnings
|   ok |= (!success || bignum == 0LL || ubignum == 0uLL || newvar[0] == 'x'
| 	 || dynamic_array[ni.number - 1] != 543);
| 
|   
|   _Static_assert ((offsetof (struct anonymous, i)
| 		   == offsetof (struct anonymous, w.k)),
| 		  "Anonymous union alignment botch");
|   v1.i = 2;
|   v1.w.k = 5;
|   ok |= v1.i != 5;
| 
|   return ok;
| }
| 
configure:4792: result: unsupported
configure:4810: checking for cc option to enable C99 features
configure:4825: cc  -c -g  conftest.c >&5
cpp: conftest.c:63 #error directive: "Compiler does not advertise C99 conformance"
cc: 6c: cpp 985: errors
configure:4825: $? = 1
configure: failed program was:
| /* confdefs.h */
| #define PACKAGE_NAME "re2c"
| #define PACKAGE_TARNAME "re2c"
| #define PACKAGE_VERSION "3.0"
| #define PACKAGE_STRING "re2c 3.0"
| #define PACKAGE_BUGREPORT "re2c-general@lists.sourceforge.net"
| #define PACKAGE_URL ""
| #define PACKAGE "re2c"
| #define VERSION "3.0"
| /* end confdefs.h.  */
| 
| /* Does the compiler advertise C89 conformance?
|    Do not test the value of __STDC__, because some compilers set it to 0
|    while being otherwise adequately conformant. */
| #if !defined __STDC__
| # error "Compiler does not advertise C89 conformance"
| #endif
| 
| #include <stddef.h>
| #include <stdarg.h>
| struct stat;
| /* Most of the following tests are stolen from RCS 5.7 src/conf.sh.  */
| struct buf { int x; };
| struct buf * (*rcsopen) (struct buf *, struct stat *, int);
| static char *e (p, i)
|      char **p;
|      int i;
| {
|   return p[i];
| }
| static char *f (char * (*g) (char **, int), char **p, ...)
| {
|   char *s;
|   va_list v;
|   va_start (v,p);
|   s = g (p, va_arg (v,int));
|   va_end (v);
|   return s;
| }
| 
| /* OSF 4.0 Compaq cc is some sort of almost-ANSI by default.  It has
|    function prototypes and stuff, but not \xHH hex character constants.
|    These do not provoke an error unfortunately, instead are silently treated
|    as an "x".  The following induces an error, until -std is added to get
|    proper ANSI mode.  Curiously \x00 != x always comes out true, for an
|    array size at least.  It is necessary to write \x00 == 0 to get something
|    that is true only with -std.  */
| int osf4_cc_array ['\x00' == 0 ? 1 : -1];
| 
| /* IBM C 6 for AIX is almost-ANSI by default, but it replaces macro parameters
|    inside strings and character constants.  */
| #define FOO(x) 'x'
| int xlc6_cc_array[FOO(a) == 'x' ? 1 : -1];
| 
| int test (int i, double x);
| struct s1 {int (*f) (int a);};
| struct s2 {int (*f) (double a);};
| int pairnames (int, char **, int *(*)(struct buf *, struct stat *, int),
|                int, int);
| 
| // Does the compiler advertise C99 conformance?
| #if !defined __STDC_VERSION__ || __STDC_VERSION__ < 199901L
| # error "Compiler does not advertise C99 conformance"
| #endif
| 
| #include <stdbool.h>
| extern int puts (const char *);
| extern int printf (const char *, ...);
| extern int dprintf (int, const char *, ...);
| extern void *malloc (size_t);
| 
| // Check varargs macros.  These examples are taken from C99 6.10.3.5.
| // dprintf is used instead of fprintf to avoid needing to declare
| // FILE and stderr.
| #define debug(...) dprintf (2, __VA_ARGS__)
| #define showlist(...) puts (#__VA_ARGS__)
| #define report(test,...) ((test) ? puts (#test) : printf (__VA_ARGS__))
| static void
| test_varargs_macros (void)
| {
|   int x = 1234;
|   int y = 5678;
|   debug ("Flag");
|   debug ("X = %d\n", x);
|   showlist (The first, second, and third items.);
|   report (x>y, "x is %d but y is %d", x, y);
| }
| 
| // Check long long types.
| #define BIG64 18446744073709551615ull
| #define BIG32 4294967295ul
| #define BIG_OK (BIG64 / BIG32 == 4294967297ull && BIG64 % BIG32 == 0)
| #if !BIG_OK
|   #error "your preprocessor is broken"
| #endif
| #if BIG_OK
| #else
|   #error "your preprocessor is broken"
| #endif
| static long long int bignum = -9223372036854775807LL;
| static unsigned long long int ubignum = BIG64;
| 
| struct incomplete_array
| {
|   int datasize;
|   double data[];
| };
| 
| struct named_init {
|   int number;
|   const wchar_t *name;
|   double average;
| };
| 
| typedef const char *ccp;
| 
| static inline int
| test_restrict (ccp restrict text)
| {
|   // See if C++-style comments work.
|   // Iterate through items via the restricted pointer.
|   // Also check for declarations in for loops.
|   for (unsigned int i = 0; *(text+i) != '\0'; ++i)
|     continue;
|   return 0;
| }
| 
| // Check varargs and va_copy.
| static bool
| test_varargs (const char *format, ...)
| {
|   va_list args;
|   va_start (args, format);
|   va_list args_copy;
|   va_copy (args_copy, args);
| 
|   const char *str = "";
|   int number = 0;
|   float fnumber = 0;
| 
|   while (*format)
|     {
|       switch (*format++)
| 	{
| 	case 's': // string
| 	  str = va_arg (args_copy, const char *);
| 	  break;
| 	case 'd': // int
| 	  number = va_arg (args_copy, int);
| 	  break;
| 	case 'f': // float
| 	  fnumber = va_arg (args_copy, double);
| 	  break;
| 	default:
| 	  break;
| 	}
|     }
|   va_end (args_copy);
|   va_end (args);
| 
|   return *str && number && fnumber;
| }
| 
| 
| int
| main (int argc, char **argv)
| {
|   int ok = 0;
|   
| ok |= (argc == 0 || f (e, argv, 0) != argv[0] || f (e, argv, 1) != argv[1]);
| 
|   
|   // Check bool.
|   _Bool success = false;
|   success |= (argc != 0);
| 
|   // Check restrict.
|   if (test_restrict ("String literal") == 0)
|     success = true;
|   char *restrict newvar = "Another string";
| 
|   // Check varargs.
|   success &= test_varargs ("s, d' f .", "string", 65, 34.234);
|   test_varargs_macros ();
| 
|   // Check flexible array members.
|   struct incomplete_array *ia =
|     malloc (sizeof (struct incomplete_array) + (sizeof (double) * 10));
|   ia->datasize = 10;
|   for (int i = 0; i < ia->datasize; ++i)
|     ia->data[i] = i * 1.234;
| 
|   // Check named initializers.
|   struct named_init ni = {
|     .number = 34,
|     .name = L"Test wide string",
|     .average = 543.34343,
|   };
| 
|   ni.number = 58;
| 
|   int dynamic_array[ni.number];
|   dynamic_array[0] = argv[0][0];
|   dynamic_array[ni.number - 1] = 543;
| 
|   // work around unused variable warnings
|   ok |= (!success || bignum == 0LL || ubignum == 0uLL || newvar[0] == 'x'
| 	 || dynamic_array[ni.number - 1] != 543);
| 
|   return ok;
| }
| 
configure:4825: cc -std=gnu99 -c -g  conftest.c >&5
cc: flag -t ignored
cc: flag -d ignored
cc: flag -= ignored
cc: flag -n ignored
cc: flag -u ignored
cc: flag -9 ignored
cc: flag -9 ignored
cpp: conftest.c:63 #error directive: "Compiler does not advertise C99 conformance"
cc: 6c: cpp 998: errors
configure:4825: $? = 1
configure: failed program was:
| /* confdefs.h */
| #define PACKAGE_NAME "re2c"
| #define PACKAGE_TARNAME "re2c"
| #define PACKAGE_VERSION "3.0"
| #define PACKAGE_STRING "re2c 3.0"
| #define PACKAGE_BUGREPORT "re2c-general@lists.sourceforge.net"
| #define PACKAGE_URL ""
| #define PACKAGE "re2c"
| #define VERSION "3.0"
| /* end confdefs.h.  */
| 
| /* Does the compiler advertise C89 conformance?
|    Do not test the value of __STDC__, because some compilers set it to 0
|    while being otherwise adequately conformant. */
| #if !defined __STDC__
| # error "Compiler does not advertise C89 conformance"
| #endif
| 
| #include <stddef.h>
| #include <stdarg.h>
| struct stat;
| /* Most of the following tests are stolen from RCS 5.7 src/conf.sh.  */
| struct buf { int x; };
| struct buf * (*rcsopen) (struct buf *, struct stat *, int);
| static char *e (p, i)
|      char **p;
|      int i;
| {
|   return p[i];
| }
| static char *f (char * (*g) (char **, int), char **p, ...)
| {
|   char *s;
|   va_list v;
|   va_start (v,p);
|   s = g (p, va_arg (v,int));
|   va_end (v);
|   return s;
| }
| 
| /* OSF 4.0 Compaq cc is some sort of almost-ANSI by default.  It has
|    function prototypes and stuff, but not \xHH hex character constants.
|    These do not provoke an error unfortunately, instead are silently treated
|    as an "x".  The following induces an error, until -std is added to get
|    proper ANSI mode.  Curiously \x00 != x always comes out true, for an
|    array size at least.  It is necessary to write \x00 == 0 to get something
|    that is true only with -std.  */
| int osf4_cc_array ['\x00' == 0 ? 1 : -1];
| 
| /* IBM C 6 for AIX is almost-ANSI by default, but it replaces macro parameters
|    inside strings and character constants.  */
| #define FOO(x) 'x'
| int xlc6_cc_array[FOO(a) == 'x' ? 1 : -1];
| 
| int test (int i, double x);
| struct s1 {int (*f) (int a);};
| struct s2 {int (*f) (double a);};
| int pairnames (int, char **, int *(*)(struct buf *, struct stat *, int),
|                int, int);
| 
| // Does the compiler advertise C99 conformance?
| #if !defined __STDC_VERSION__ || __STDC_VERSION__ < 199901L
| # error "Compiler does not advertise C99 conformance"
| #endif
| 
| #include <stdbool.h>
| extern int puts (const char *);
| extern int printf (const char *, ...);
| extern int dprintf (int, const char *, ...);
| extern void *malloc (size_t);
| 
| // Check varargs macros.  These examples are taken from C99 6.10.3.5.
| // dprintf is used instead of fprintf to avoid needing to declare
| // FILE and stderr.
| #define debug(...) dprintf (2, __VA_ARGS__)
| #define showlist(...) puts (#__VA_ARGS__)
| #define report(test,...) ((test) ? puts (#test) : printf (__VA_ARGS__))
| static void
| test_varargs_macros (void)
| {
|   int x = 1234;
|   int y = 5678;
|   debug ("Flag");
|   debug ("X = %d\n", x);
|   showlist (The first, second, and third items.);
|   report (x>y, "x is %d but y is %d", x, y);
| }
| 
| // Check long long types.
| #define BIG64 18446744073709551615ull
| #define BIG32 4294967295ul
| #define BIG_OK (BIG64 / BIG32 == 4294967297ull && BIG64 % BIG32 == 0)
| #if !BIG_OK
|   #error "your preprocessor is broken"
| #endif
| #if BIG_OK
| #else
|   #error "your preprocessor is broken"
| #endif
| static long long int bignum = -9223372036854775807LL;
| static unsigned long long int ubignum = BIG64;
| 
| struct incomplete_array
| {
|   int datasize;
|   double data[];
| };
| 
| struct named_init {
|   int number;
|   const wchar_t *name;
|   double average;
| };
| 
| typedef const char *ccp;
| 
| static inline int
| test_restrict (ccp restrict text)
| {
|   // See if C++-style comments work.
|   // Iterate through items via the restricted pointer.
|   // Also check for declarations in for loops.
|   for (unsigned int i = 0; *(text+i) != '\0'; ++i)
|     continue;
|   return 0;
| }
| 
| // Check varargs and va_copy.
| static bool
| test_varargs (const char *format, ...)
| {
|   va_list args;
|   va_start (args, format);
|   va_list args_copy;
|   va_copy (args_copy, args);
| 
|   const char *str = "";
|   int number = 0;
|   float fnumber = 0;
| 
|   while (*format)
|     {
|       switch (*format++)
| 	{
| 	case 's': // string
| 	  str = va_arg (args_copy, const char *);
| 	  break;
| 	case 'd': // int
| 	  number = va_arg (args_copy, int);
| 	  break;
| 	case 'f': // float
| 	  fnumber = va_arg (args_copy, double);
| 	  break;
| 	default:
| 	  break;
| 	}
|     }
|   va_end (args_copy);
|   va_end (args);
| 
|   return *str && number && fnumber;
| }
| 
| 
| int
| main (int argc, char **argv)
| {
|   int ok = 0;
|   
| ok |= (argc == 0 || f (e, argv, 0) != argv[0] || f (e, argv, 1) != argv[1]);
| 
|   
|   // Check bool.
|   _Bool success = false;
|   success |= (argc != 0);
| 
|   // Check restrict.
|   if (test_restrict ("String literal") == 0)
|     success = true;
|   char *restrict newvar = "Another string";
| 
|   // Check varargs.
|   success &= test_varargs ("s, d' f .", "string", 65, 34.234);
|   test_varargs_macros ();
| 
|   // Check flexible array members.
|   struct incomplete_array *ia =
|     malloc (sizeof (struct incomplete_array) + (sizeof (double) * 10));
|   ia->datasize = 10;
|   for (int i = 0; i < ia->datasize; ++i)
|     ia->data[i] = i * 1.234;
| 
|   // Check named initializers.
|   struct named_init ni = {
|     .number = 34,
|     .name = L"Test wide string",
|     .average = 543.34343,
|   };
| 
|   ni.number = 58;
| 
|   int dynamic_array[ni.number];
|   dynamic_array[0] = argv[0][0];
|   dynamic_array[ni.number - 1] = 543;
| 
|   // work around unused variable warnings
|   ok |= (!success || bignum == 0LL || ubignum == 0uLL || newvar[0] == 'x'
| 	 || dynamic_array[ni.number - 1] != 543);
| 
|   return ok;
| }
| 
configure:4825: cc -std=c99 -c -g  conftest.c >&5
cc: flag -t ignored
cc: flag -d ignored
cc: flag -= ignored
cc: flag -9 ignored
cc: flag -9 ignored
cpp: conftest.c:63 #error directive: "Compiler does not advertise C99 conformance"
cc: 6c: cpp 1011: errors
configure:4825: $? = 1
configure: failed program was:
| /* confdefs.h */
| #define PACKAGE_NAME "re2c"
| #define PACKAGE_TARNAME "re2c"
| #define PACKAGE_VERSION "3.0"
| #define PACKAGE_STRING "re2c 3.0"
| #define PACKAGE_BUGREPORT "re2c-general@lists.sourceforge.net"
| #define PACKAGE_URL ""
| #define PACKAGE "re2c"
| #define VERSION "3.0"
| /* end confdefs.h.  */
| 
| /* Does the compiler advertise C89 conformance?
|    Do not test the value of __STDC__, because some compilers set it to 0
|    while being otherwise adequately conformant. */
| #if !defined __STDC__
| # error "Compiler does not advertise C89 conformance"
| #endif
| 
| #include <stddef.h>
| #include <stdarg.h>
| struct stat;
| /* Most of the following tests are stolen from RCS 5.7 src/conf.sh.  */
| struct buf { int x; };
| struct buf * (*rcsopen) (struct buf *, struct stat *, int);
| static char *e (p, i)
|      char **p;
|      int i;
| {
|   return p[i];
| }
| static char *f (char * (*g) (char **, int), char **p, ...)
| {
|   char *s;
|   va_list v;
|   va_start (v,p);
|   s = g (p, va_arg (v,int));
|   va_end (v);
|   return s;
| }
| 
| /* OSF 4.0 Compaq cc is some sort of almost-ANSI by default.  It has
|    function prototypes and stuff, but not \xHH hex character constants.
|    These do not provoke an error unfortunately, instead are silently treated
|    as an "x".  The following induces an error, until -std is added to get
|    proper ANSI mode.  Curiously \x00 != x always comes out true, for an
|    array size at least.  It is necessary to write \x00 == 0 to get something
|    that is true only with -std.  */
| int osf4_cc_array ['\x00' == 0 ? 1 : -1];
| 
| /* IBM C 6 for AIX is almost-ANSI by default, but it replaces macro parameters
|    inside strings and character constants.  */
| #define FOO(x) 'x'
| int xlc6_cc_array[FOO(a) == 'x' ? 1 : -1];
| 
| int test (int i, double x);
| struct s1 {int (*f) (int a);};
| struct s2 {int (*f) (double a);};
| int pairnames (int, char **, int *(*)(struct buf *, struct stat *, int),
|                int, int);
| 
| // Does the compiler advertise C99 conformance?
| #if !defined __STDC_VERSION__ || __STDC_VERSION__ < 199901L
| # error "Compiler does not advertise C99 conformance"
| #endif
| 
| #include <stdbool.h>
| extern int puts (const char *);
| extern int printf (const char *, ...);
| extern int dprintf (int, const char *, ...);
| extern void *malloc (size_t);
| 
| // Check varargs macros.  These examples are taken from C99 6.10.3.5.
| // dprintf is used instead of fprintf to avoid needing to declare
| // FILE and stderr.
| #define debug(...) dprintf (2, __VA_ARGS__)
| #define showlist(...) puts (#__VA_ARGS__)
| #define report(test,...) ((test) ? puts (#test) : printf (__VA_ARGS__))
| static void
| test_varargs_macros (void)
| {
|   int x = 1234;
|   int y = 5678;
|   debug ("Flag");
|   debug ("X = %d\n", x);
|   showlist (The first, second, and third items.);
|   report (x>y, "x is %d but y is %d", x, y);
| }
| 
| // Check long long types.
| #define BIG64 18446744073709551615ull
| #define BIG32 4294967295ul
| #define BIG_OK (BIG64 / BIG32 == 4294967297ull && BIG64 % BIG32 == 0)
| #if !BIG_OK
|   #error "your preprocessor is broken"
| #endif
| #if BIG_OK
| #else
|   #error "your preprocessor is broken"
| #endif
| static long long int bignum = -9223372036854775807LL;
| static unsigned long long int ubignum = BIG64;
| 
| struct incomplete_array
| {
|   int datasize;
|   double data[];
| };
| 
| struct named_init {
|   int number;
|   const wchar_t *name;
|   double average;
| };
| 
| typedef const char *ccp;
| 
| static inline int
| test_restrict (ccp restrict text)
| {
|   // See if C++-style comments work.
|   // Iterate through items via the restricted pointer.
|   // Also check for declarations in for loops.
|   for (unsigned int i = 0; *(text+i) != '\0'; ++i)
|     continue;
|   return 0;
| }
| 
| // Check varargs and va_copy.
| static bool
| test_varargs (const char *format, ...)
| {
|   va_list args;
|   va_start (args, format);
|   va_list args_copy;
|   va_copy (args_copy, args);
| 
|   const char *str = "";
|   int number = 0;
|   float fnumber = 0;
| 
|   while (*format)
|     {
|       switch (*format++)
| 	{
| 	case 's': // string
| 	  str = va_arg (args_copy, const char *);
| 	  break;
| 	case 'd': // int
| 	  number = va_arg (args_copy, int);
| 	  break;
| 	case 'f': // float
| 	  fnumber = va_arg (args_copy, double);
| 	  break;
| 	default:
| 	  break;
| 	}
|     }
|   va_end (args_copy);
|   va_end (args);
| 
|   return *str && number && fnumber;
| }
| 
| 
| int
| main (int argc, char **argv)
| {
|   int ok = 0;
|   
| ok |= (argc == 0 || f (e, argv, 0) != argv[0] || f (e, argv, 1) != argv[1]);
| 
|   
|   // Check bool.
|   _Bool success = false;
|   success |= (argc != 0);
| 
|   // Check restrict.
|   if (test_restrict ("String literal") == 0)
|     success = true;
|   char *restrict newvar = "Another string";
| 
|   // Check varargs.
|   success &= test_varargs ("s, d' f .", "string", 65, 34.234);
|   test_varargs_macros ();
| 
|   // Check flexible array members.
|   struct incomplete_array *ia =
|     malloc (sizeof (struct incomplete_array) + (sizeof (double) * 10));
|   ia->datasize = 10;
|   for (int i = 0; i < ia->datasize; ++i)
|     ia->data[i] = i * 1.234;
| 
|   // Check named initializers.
|   struct named_init ni = {
|     .number = 34,
|     .name = L"Test wide string",
|     .average = 543.34343,
|   };
| 
|   ni.number = 58;
| 
|   int dynamic_array[ni.number];
|   dynamic_array[0] = argv[0][0];
|   dynamic_array[ni.number - 1] = 543;
| 
|   // work around unused variable warnings
|   ok |= (!success || bignum == 0LL || ubignum == 0uLL || newvar[0] == 'x'
| 	 || dynamic_array[ni.number - 1] != 543);
| 
|   return ok;
| }
| 
configure:4825: cc -c99 -c -g  conftest.c >&5
cc: flag -9 ignored
cc: flag -9 ignored
cpp: conftest.c:63 #error directive: "Compiler does not advertise C99 conformance"
cc: 6c: cpp 1024: errors
configure:4825: $? = 1
configure: failed program was:
| /* confdefs.h */
| #define PACKAGE_NAME "re2c"
| #define PACKAGE_TARNAME "re2c"
| #define PACKAGE_VERSION "3.0"
| #define PACKAGE_STRING "re2c 3.0"
| #define PACKAGE_BUGREPORT "re2c-general@lists.sourceforge.net"
| #define PACKAGE_URL ""
| #define PACKAGE "re2c"
| #define VERSION "3.0"
| /* end confdefs.h.  */
| 
| /* Does the compiler advertise C89 conformance?
|    Do not test the value of __STDC__, because some compilers set it to 0
|    while being otherwise adequately conformant. */
| #if !defined __STDC__
| # error "Compiler does not advertise C89 conformance"
| #endif
| 
| #include <stddef.h>
| #include <stdarg.h>
| struct stat;
| /* Most of the following tests are stolen from RCS 5.7 src/conf.sh.  */
| struct buf { int x; };
| struct buf * (*rcsopen) (struct buf *, struct stat *, int);
| static char *e (p, i)
|      char **p;
|      int i;
| {
|   return p[i];
| }
| static char *f (char * (*g) (char **, int), char **p, ...)
| {
|   char *s;
|   va_list v;
|   va_start (v,p);
|   s = g (p, va_arg (v,int));
|   va_end (v);
|   return s;
| }
| 
| /* OSF 4.0 Compaq cc is some sort of almost-ANSI by default.  It has
|    function prototypes and stuff, but not \xHH hex character constants.
|    These do not provoke an error unfortunately, instead are silently treated
|    as an "x".  The following induces an error, until -std is added to get
|    proper ANSI mode.  Curiously \x00 != x always comes out true, for an
|    array size at least.  It is necessary to write \x00 == 0 to get something
|    that is true only with -std.  */
| int osf4_cc_array ['\x00' == 0 ? 1 : -1];
| 
| /* IBM C 6 for AIX is almost-ANSI by default, but it replaces macro parameters
|    inside strings and character constants.  */
| #define FOO(x) 'x'
| int xlc6_cc_array[FOO(a) == 'x' ? 1 : -1];
| 
| int test (int i, double x);
| struct s1 {int (*f) (int a);};
| struct s2 {int (*f) (double a);};
| int pairnames (int, char **, int *(*)(struct buf *, struct stat *, int),
|                int, int);
| 
| // Does the compiler advertise C99 conformance?
| #if !defined __STDC_VERSION__ || __STDC_VERSION__ < 199901L
| # error "Compiler does not advertise C99 conformance"
| #endif
| 
| #include <stdbool.h>
| extern int puts (const char *);
| extern int printf (const char *, ...);
| extern int dprintf (int, const char *, ...);
| extern void *malloc (size_t);
| 
| // Check varargs macros.  These examples are taken from C99 6.10.3.5.
| // dprintf is used instead of fprintf to avoid needing to declare
| // FILE and stderr.
| #define debug(...) dprintf (2, __VA_ARGS__)
| #define showlist(...) puts (#__VA_ARGS__)
| #define report(test,...) ((test) ? puts (#test) : printf (__VA_ARGS__))
| static void
| test_varargs_macros (void)
| {
|   int x = 1234;
|   int y = 5678;
|   debug ("Flag");
|   debug ("X = %d\n", x);
|   showlist (The first, second, and third items.);
|   report (x>y, "x is %d but y is %d", x, y);
| }
| 
| // Check long long types.
| #define BIG64 18446744073709551615ull
| #define BIG32 4294967295ul
| #define BIG_OK (BIG64 / BIG32 == 4294967297ull && BIG64 % BIG32 == 0)
| #if !BIG_OK
|   #error "your preprocessor is broken"
| #endif
| #if BIG_OK
| #else
|   #error "your preprocessor is broken"
| #endif
| static long long int bignum = -9223372036854775807LL;
| static unsigned long long int ubignum = BIG64;
| 
| struct incomplete_array
| {
|   int datasize;
|   double data[];
| };
| 
| struct named_init {
|   int number;
|   const wchar_t *name;
|   double average;
| };
| 
| typedef const char *ccp;
| 
| static inline int
| test_restrict (ccp restrict text)
| {
|   // See if C++-style comments work.
|   // Iterate through items via the restricted pointer.
|   // Also check for declarations in for loops.
|   for (unsigned int i = 0; *(text+i) != '\0'; ++i)
|     continue;
|   return 0;
| }
| 
| // Check varargs and va_copy.
| static bool
| test_varargs (const char *format, ...)
| {
|   va_list args;
|   va_start (args, format);
|   va_list args_copy;
|   va_copy (args_copy, args);
| 
|   const char *str = "";
|   int number = 0;
|   float fnumber = 0;
| 
|   while (*format)
|     {
|       switch (*format++)
| 	{
| 	case 's': // string
| 	  str = va_arg (args_copy, const char *);
| 	  break;
| 	case 'd': // int
| 	  number = va_arg (args_copy, int);
| 	  break;
| 	case 'f': // float
| 	  fnumber = va_arg (args_copy, double);
| 	  break;
| 	default:
| 	  break;
| 	}
|     }
|   va_end (args_copy);
|   va_end (args);
| 
|   return *str && number && fnumber;
| }
| 
| 
| int
| main (int argc, char **argv)
| {
|   int ok = 0;
|   
| ok |= (argc == 0 || f (e, argv, 0) != argv[0] || f (e, argv, 1) != argv[1]);
| 
|   
|   // Check bool.
|   _Bool success = false;
|   success |= (argc != 0);
| 
|   // Check restrict.
|   if (test_restrict ("String literal") == 0)
|     success = true;
|   char *restrict newvar = "Another string";
| 
|   // Check varargs.
|   success &= test_varargs ("s, d' f .", "string", 65, 34.234);
|   test_varargs_macros ();
| 
|   // Check flexible array members.
|   struct incomplete_array *ia =
|     malloc (sizeof (struct incomplete_array) + (sizeof (double) * 10));
|   ia->datasize = 10;
|   for (int i = 0; i < ia->datasize; ++i)
|     ia->data[i] = i * 1.234;
| 
|   // Check named initializers.
|   struct named_init ni = {
|     .number = 34,
|     .name = L"Test wide string",
|     .average = 543.34343,
|   };
| 
|   ni.number = 58;
| 
|   int dynamic_array[ni.number];
|   dynamic_array[0] = argv[0][0];
|   dynamic_array[ni.number - 1] = 543;
| 
|   // work around unused variable warnings
|   ok |= (!success || bignum == 0LL || ubignum == 0uLL || newvar[0] == 'x'
| 	 || dynamic_array[ni.number - 1] != 543);
| 
|   return ok;
| }
| 
configure:4825: cc -qlanglvl=extc1x -c -g  conftest.c >&5
cc: flag -q ignored
cc: can't find library for -l
cpp: conftest.c:63 #error directive: "Compiler does not advertise C99 conformance"
cc: 6c: cpp 1037: errors
configure:4825: $? = 1
configure: failed program was:
| /* confdefs.h */
| #define PACKAGE_NAME "re2c"
| #define PACKAGE_TARNAME "re2c"
| #define PACKAGE_VERSION "3.0"
| #define PACKAGE_STRING "re2c 3.0"
| #define PACKAGE_BUGREPORT "re2c-general@lists.sourceforge.net"
| #define PACKAGE_URL ""
| #define PACKAGE "re2c"
| #define VERSION "3.0"
| /* end confdefs.h.  */
| 
| /* Does the compiler advertise C89 conformance?
|    Do not test the value of __STDC__, because some compilers set it to 0
|    while being otherwise adequately conformant. */
| #if !defined __STDC__
| # error "Compiler does not advertise C89 conformance"
| #endif
| 
| #include <stddef.h>
| #include <stdarg.h>
| struct stat;
| /* Most of the following tests are stolen from RCS 5.7 src/conf.sh.  */
| struct buf { int x; };
| struct buf * (*rcsopen) (struct buf *, struct stat *, int);
| static char *e (p, i)
|      char **p;
|      int i;
| {
|   return p[i];
| }
| static char *f (char * (*g) (char **, int), char **p, ...)
| {
|   char *s;
|   va_list v;
|   va_start (v,p);
|   s = g (p, va_arg (v,int));
|   va_end (v);
|   return s;
| }
| 
| /* OSF 4.0 Compaq cc is some sort of almost-ANSI by default.  It has
|    function prototypes and stuff, but not \xHH hex character constants.
|    These do not provoke an error unfortunately, instead are silently treated
|    as an "x".  The following induces an error, until -std is added to get
|    proper ANSI mode.  Curiously \x00 != x always comes out true, for an
|    array size at least.  It is necessary to write \x00 == 0 to get something
|    that is true only with -std.  */
| int osf4_cc_array ['\x00' == 0 ? 1 : -1];
| 
| /* IBM C 6 for AIX is almost-ANSI by default, but it replaces macro parameters
|    inside strings and character constants.  */
| #define FOO(x) 'x'
| int xlc6_cc_array[FOO(a) == 'x' ? 1 : -1];
| 
| int test (int i, double x);
| struct s1 {int (*f) (int a);};
| struct s2 {int (*f) (double a);};
| int pairnames (int, char **, int *(*)(struct buf *, struct stat *, int),
|                int, int);
| 
| // Does the compiler advertise C99 conformance?
| #if !defined __STDC_VERSION__ || __STDC_VERSION__ < 199901L
| # error "Compiler does not advertise C99 conformance"
| #endif
| 
| #include <stdbool.h>
| extern int puts (const char *);
| extern int printf (const char *, ...);
| extern int dprintf (int, const char *, ...);
| extern void *malloc (size_t);
| 
| // Check varargs macros.  These examples are taken from C99 6.10.3.5.
| // dprintf is used instead of fprintf to avoid needing to declare
| // FILE and stderr.
| #define debug(...) dprintf (2, __VA_ARGS__)
| #define showlist(...) puts (#__VA_ARGS__)
| #define report(test,...) ((test) ? puts (#test) : printf (__VA_ARGS__))
| static void
| test_varargs_macros (void)
| {
|   int x = 1234;
|   int y = 5678;
|   debug ("Flag");
|   debug ("X = %d\n", x);
|   showlist (The first, second, and third items.);
|   report (x>y, "x is %d but y is %d", x, y);
| }
| 
| // Check long long types.
| #define BIG64 18446744073709551615ull
| #define BIG32 4294967295ul
| #define BIG_OK (BIG64 / BIG32 == 4294967297ull && BIG64 % BIG32 == 0)
| #if !BIG_OK
|   #error "your preprocessor is broken"
| #endif
| #if BIG_OK
| #else
|   #error "your preprocessor is broken"
| #endif
| static long long int bignum = -9223372036854775807LL;
| static unsigned long long int ubignum = BIG64;
| 
| struct incomplete_array
| {
|   int datasize;
|   double data[];
| };
| 
| struct named_init {
|   int number;
|   const wchar_t *name;
|   double average;
| };
| 
| typedef const char *ccp;
| 
| static inline int
| test_restrict (ccp restrict text)
| {
|   // See if C++-style comments work.
|   // Iterate through items via the restricted pointer.
|   // Also check for declarations in for loops.
|   for (unsigned int i = 0; *(text+i) != '\0'; ++i)
|     continue;
|   return 0;
| }
| 
| // Check varargs and va_copy.
| static bool
| test_varargs (const char *format, ...)
| {
|   va_list args;
|   va_start (args, format);
|   va_list args_copy;
|   va_copy (args_copy, args);
| 
|   const char *str = "";
|   int number = 0;
|   float fnumber = 0;
| 
|   while (*format)
|     {
|       switch (*format++)
| 	{
| 	case 's': // string
| 	  str = va_arg (args_copy, const char *);
| 	  break;
| 	case 'd': // int
| 	  number = va_arg (args_copy, int);
| 	  break;
| 	case 'f': // float
| 	  fnumber = va_arg (args_copy, double);
| 	  break;
| 	default:
| 	  break;
| 	}
|     }
|   va_end (args_copy);
|   va_end (args);
| 
|   return *str && number && fnumber;
| }
| 
| 
| int
| main (int argc, char **argv)
| {
|   int ok = 0;
|   
| ok |= (argc == 0 || f (e, argv, 0) != argv[0] || f (e, argv, 1) != argv[1]);
| 
|   
|   // Check bool.
|   _Bool success = false;
|   success |= (argc != 0);
| 
|   // Check restrict.
|   if (test_restrict ("String literal") == 0)
|     success = true;
|   char *restrict newvar = "Another string";
| 
|   // Check varargs.
|   success &= test_varargs ("s, d' f .", "string", 65, 34.234);
|   test_varargs_macros ();
| 
|   // Check flexible array members.
|   struct incomplete_array *ia =
|     malloc (sizeof (struct incomplete_array) + (sizeof (double) * 10));
|   ia->datasize = 10;
|   for (int i = 0; i < ia->datasize; ++i)
|     ia->data[i] = i * 1.234;
| 
|   // Check named initializers.
|   struct named_init ni = {
|     .number = 34,
|     .name = L"Test wide string",
|     .average = 543.34343,
|   };
| 
|   ni.number = 58;
| 
|   int dynamic_array[ni.number];
|   dynamic_array[0] = argv[0][0];
|   dynamic_array[ni.number - 1] = 543;
| 
|   // work around unused variable warnings
|   ok |= (!success || bignum == 0LL || ubignum == 0uLL || newvar[0] == 'x'
| 	 || dynamic_array[ni.number - 1] != 543);
| 
|   return ok;
| }
| 
configure:4825: cc -qlanglvl=extc99 -c -g  conftest.c >&5
cc: flag -q ignored
cc: can't find library for -l
cpp: conftest.c:63 #error directive: "Compiler does not advertise C99 conformance"
cc: 6c: cpp 1050: errors
configure:4825: $? = 1
configure: failed program was:
| /* confdefs.h */
| #define PACKAGE_NAME "re2c"
| #define PACKAGE_TARNAME "re2c"
| #define PACKAGE_VERSION "3.0"
| #define PACKAGE_STRING "re2c 3.0"
| #define PACKAGE_BUGREPORT "re2c-general@lists.sourceforge.net"
| #define PACKAGE_URL ""
| #define PACKAGE "re2c"
| #define VERSION "3.0"
| /* end confdefs.h.  */
| 
| /* Does the compiler advertise C89 conformance?
|    Do not test the value of __STDC__, because some compilers set it to 0
|    while being otherwise adequately conformant. */
| #if !defined __STDC__
| # error "Compiler does not advertise C89 conformance"
| #endif
| 
| #include <stddef.h>
| #include <stdarg.h>
| struct stat;
| /* Most of the following tests are stolen from RCS 5.7 src/conf.sh.  */
| struct buf { int x; };
| struct buf * (*rcsopen) (struct buf *, struct stat *, int);
| static char *e (p, i)
|      char **p;
|      int i;
| {
|   return p[i];
| }
| static char *f (char * (*g) (char **, int), char **p, ...)
| {
|   char *s;
|   va_list v;
|   va_start (v,p);
|   s = g (p, va_arg (v,int));
|   va_end (v);
|   return s;
| }
| 
| /* OSF 4.0 Compaq cc is some sort of almost-ANSI by default.  It has
|    function prototypes and stuff, but not \xHH hex character constants.
|    These do not provoke an error unfortunately, instead are silently treated
|    as an "x".  The following induces an error, until -std is added to get
|    proper ANSI mode.  Curiously \x00 != x always comes out true, for an
|    array size at least.  It is necessary to write \x00 == 0 to get something
|    that is true only with -std.  */
| int osf4_cc_array ['\x00' == 0 ? 1 : -1];
| 
| /* IBM C 6 for AIX is almost-ANSI by default, but it replaces macro parameters
|    inside strings and character constants.  */
| #define FOO(x) 'x'
| int xlc6_cc_array[FOO(a) == 'x' ? 1 : -1];
| 
| int test (int i, double x);
| struct s1 {int (*f) (int a);};
| struct s2 {int (*f) (double a);};
| int pairnames (int, char **, int *(*)(struct buf *, struct stat *, int),
|                int, int);
| 
| // Does the compiler advertise C99 conformance?
| #if !defined __STDC_VERSION__ || __STDC_VERSION__ < 199901L
| # error "Compiler does not advertise C99 conformance"
| #endif
| 
| #include <stdbool.h>
| extern int puts (const char *);
| extern int printf (const char *, ...);
| extern int dprintf (int, const char *, ...);
| extern void *malloc (size_t);
| 
| // Check varargs macros.  These examples are taken from C99 6.10.3.5.
| // dprintf is used instead of fprintf to avoid needing to declare
| // FILE and stderr.
| #define debug(...) dprintf (2, __VA_ARGS__)
| #define showlist(...) puts (#__VA_ARGS__)
| #define report(test,...) ((test) ? puts (#test) : printf (__VA_ARGS__))
| static void
| test_varargs_macros (void)
| {
|   int x = 1234;
|   int y = 5678;
|   debug ("Flag");
|   debug ("X = %d\n", x);
|   showlist (The first, second, and third items.);
|   report (x>y, "x is %d but y is %d", x, y);
| }
| 
| // Check long long types.
| #define BIG64 18446744073709551615ull
| #define BIG32 4294967295ul
| #define BIG_OK (BIG64 / BIG32 == 4294967297ull && BIG64 % BIG32 == 0)
| #if !BIG_OK
|   #error "your preprocessor is broken"
| #endif
| #if BIG_OK
| #else
|   #error "your preprocessor is broken"
| #endif
| static long long int bignum = -9223372036854775807LL;
| static unsigned long long int ubignum = BIG64;
| 
| struct incomplete_array
| {
|   int datasize;
|   double data[];
| };
| 
| struct named_init {
|   int number;
|   const wchar_t *name;
|   double average;
| };
| 
| typedef const char *ccp;
| 
| static inline int
| test_restrict (ccp restrict text)
| {
|   // See if C++-style comments work.
|   // Iterate through items via the restricted pointer.
|   // Also check for declarations in for loops.
|   for (unsigned int i = 0; *(text+i) != '\0'; ++i)
|     continue;
|   return 0;
| }
| 
| // Check varargs and va_copy.
| static bool
| test_varargs (const char *format, ...)
| {
|   va_list args;
|   va_start (args, format);
|   va_list args_copy;
|   va_copy (args_copy, args);
| 
|   const char *str = "";
|   int number = 0;
|   float fnumber = 0;
| 
|   while (*format)
|     {
|       switch (*format++)
| 	{
| 	case 's': // string
| 	  str = va_arg (args_copy, const char *);
| 	  break;
| 	case 'd': // int
| 	  number = va_arg (args_copy, int);
| 	  break;
| 	case 'f': // float
| 	  fnumber = va_arg (args_copy, double);
| 	  break;
| 	default:
| 	  break;
| 	}
|     }
|   va_end (args_copy);
|   va_end (args);
| 
|   return *str && number && fnumber;
| }
| 
| 
| int
| main (int argc, char **argv)
| {
|   int ok = 0;
|   
| ok |= (argc == 0 || f (e, argv, 0) != argv[0] || f (e, argv, 1) != argv[1]);
| 
|   
|   // Check bool.
|   _Bool success = false;
|   success |= (argc != 0);
| 
|   // Check restrict.
|   if (test_restrict ("String literal") == 0)
|     success = true;
|   char *restrict newvar = "Another string";
| 
|   // Check varargs.
|   success &= test_varargs ("s, d' f .", "string", 65, 34.234);
|   test_varargs_macros ();
| 
|   // Check flexible array members.
|   struct incomplete_array *ia =
|     malloc (sizeof (struct incomplete_array) + (sizeof (double) * 10));
|   ia->datasize = 10;
|   for (int i = 0; i < ia->datasize; ++i)
|     ia->data[i] = i * 1.234;
| 
|   // Check named initializers.
|   struct named_init ni = {
|     .number = 34,
|     .name = L"Test wide string",
|     .average = 543.34343,
|   };
| 
|   ni.number = 58;
| 
|   int dynamic_array[ni.number];
|   dynamic_array[0] = argv[0][0];
|   dynamic_array[ni.number - 1] = 543;
| 
|   // work around unused variable warnings
|   ok |= (!success || bignum == 0LL || ubignum == 0uLL || newvar[0] == 'x'
| 	 || dynamic_array[ni.number - 1] != 543);
| 
|   return ok;
| }
| 
configure:4825: cc -AC99 -c -g  conftest.c >&5
cc: flag -C ignored
cc: flag -9 ignored
cc: flag -9 ignored
cpp: conftest.c:63 #error directive: "Compiler does not advertise C99 conformance"
cc: 6c: cpp 1063: errors
configure:4825: $? = 1
configure: failed program was:
| /* confdefs.h */
| #define PACKAGE_NAME "re2c"
| #define PACKAGE_TARNAME "re2c"
| #define PACKAGE_VERSION "3.0"
| #define PACKAGE_STRING "re2c 3.0"
| #define PACKAGE_BUGREPORT "re2c-general@lists.sourceforge.net"
| #define PACKAGE_URL ""
| #define PACKAGE "re2c"
| #define VERSION "3.0"
| /* end confdefs.h.  */
| 
| /* Does the compiler advertise C89 conformance?
|    Do not test the value of __STDC__, because some compilers set it to 0
|    while being otherwise adequately conformant. */
| #if !defined __STDC__
| # error "Compiler does not advertise C89 conformance"
| #endif
| 
| #include <stddef.h>
| #include <stdarg.h>
| struct stat;
| /* Most of the following tests are stolen from RCS 5.7 src/conf.sh.  */
| struct buf { int x; };
| struct buf * (*rcsopen) (struct buf *, struct stat *, int);
| static char *e (p, i)
|      char **p;
|      int i;
| {
|   return p[i];
| }
| static char *f (char * (*g) (char **, int), char **p, ...)
| {
|   char *s;
|   va_list v;
|   va_start (v,p);
|   s = g (p, va_arg (v,int));
|   va_end (v);
|   return s;
| }
| 
| /* OSF 4.0 Compaq cc is some sort of almost-ANSI by default.  It has
|    function prototypes and stuff, but not \xHH hex character constants.
|    These do not provoke an error unfortunately, instead are silently treated
|    as an "x".  The following induces an error, until -std is added to get
|    proper ANSI mode.  Curiously \x00 != x always comes out true, for an
|    array size at least.  It is necessary to write \x00 == 0 to get something
|    that is true only with -std.  */
| int osf4_cc_array ['\x00' == 0 ? 1 : -1];
| 
| /* IBM C 6 for AIX is almost-ANSI by default, but it replaces macro parameters
|    inside strings and character constants.  */
| #define FOO(x) 'x'
| int xlc6_cc_array[FOO(a) == 'x' ? 1 : -1];
| 
| int test (int i, double x);
| struct s1 {int (*f) (int a);};
| struct s2 {int (*f) (double a);};
| int pairnames (int, char **, int *(*)(struct buf *, struct stat *, int),
|                int, int);
| 
| // Does the compiler advertise C99 conformance?
| #if !defined __STDC_VERSION__ || __STDC_VERSION__ < 199901L
| # error "Compiler does not advertise C99 conformance"
| #endif
| 
| #include <stdbool.h>
| extern int puts (const char *);
| extern int printf (const char *, ...);
| extern int dprintf (int, const char *, ...);
| extern void *malloc (size_t);
| 
| // Check varargs macros.  These examples are taken from C99 6.10.3.5.
| // dprintf is used instead of fprintf to avoid needing to declare
| // FILE and stderr.
| #define debug(...) dprintf (2, __VA_ARGS__)
| #define showlist(...) puts (#__VA_ARGS__)
| #define report(test,...) ((test) ? puts (#test) : printf (__VA_ARGS__))
| static void
| test_varargs_macros (void)
| {
|   int x = 1234;
|   int y = 5678;
|   debug ("Flag");
|   debug ("X = %d\n", x);
|   showlist (The first, second, and third items.);
|   report (x>y, "x is %d but y is %d", x, y);
| }
| 
| // Check long long types.
| #define BIG64 18446744073709551615ull
| #define BIG32 4294967295ul
| #define BIG_OK (BIG64 / BIG32 == 4294967297ull && BIG64 % BIG32 == 0)
| #if !BIG_OK
|   #error "your preprocessor is broken"
| #endif
| #if BIG_OK
| #else
|   #error "your preprocessor is broken"
| #endif
| static long long int bignum = -9223372036854775807LL;
| static unsigned long long int ubignum = BIG64;
| 
| struct incomplete_array
| {
|   int datasize;
|   double data[];
| };
| 
| struct named_init {
|   int number;
|   const wchar_t *name;
|   double average;
| };
| 
| typedef const char *ccp;
| 
| static inline int
| test_restrict (ccp restrict text)
| {
|   // See if C++-style comments work.
|   // Iterate through items via the restricted pointer.
|   // Also check for declarations in for loops.
|   for (unsigned int i = 0; *(text+i) != '\0'; ++i)
|     continue;
|   return 0;
| }
| 
| // Check varargs and va_copy.
| static bool
| test_varargs (const char *format, ...)
| {
|   va_list args;
|   va_start (args, format);
|   va_list args_copy;
|   va_copy (args_copy, args);
| 
|   const char *str = "";
|   int number = 0;
|   float fnumber = 0;
| 
|   while (*format)
|     {
|       switch (*format++)
| 	{
| 	case 's': // string
| 	  str = va_arg (args_copy, const char *);
| 	  break;
| 	case 'd': // int
| 	  number = va_arg (args_copy, int);
| 	  break;
| 	case 'f': // float
| 	  fnumber = va_arg (args_copy, double);
| 	  break;
| 	default:
| 	  break;
| 	}
|     }
|   va_end (args_copy);
|   va_end (args);
| 
|   return *str && number && fnumber;
| }
| 
| 
| int
| main (int argc, char **argv)
| {
|   int ok = 0;
|   
| ok |= (argc == 0 || f (e, argv, 0) != argv[0] || f (e, argv, 1) != argv[1]);
| 
|   
|   // Check bool.
|   _Bool success = false;
|   success |= (argc != 0);
| 
|   // Check restrict.
|   if (test_restrict ("String literal") == 0)
|     success = true;
|   char *restrict newvar = "Another string";
| 
|   // Check varargs.
|   success &= test_varargs ("s, d' f .", "string", 65, 34.234);
|   test_varargs_macros ();
| 
|   // Check flexible array members.
|   struct incomplete_array *ia =
|     malloc (sizeof (struct incomplete_array) + (sizeof (double) * 10));
|   ia->datasize = 10;
|   for (int i = 0; i < ia->datasize; ++i)
|     ia->data[i] = i * 1.234;
| 
|   // Check named initializers.
|   struct named_init ni = {
|     .number = 34,
|     .name = L"Test wide string",
|     .average = 543.34343,
|   };
| 
|   ni.number = 58;
| 
|   int dynamic_array[ni.number];
|   dynamic_array[0] = argv[0][0];
|   dynamic_array[ni.number - 1] = 543;
| 
|   // work around unused variable warnings
|   ok |= (!success || bignum == 0LL || ubignum == 0uLL || newvar[0] == 'x'
| 	 || dynamic_array[ni.number - 1] != 543);
| 
|   return ok;
| }
| 
configure:4825: cc -D_STDC_C99= -c -g  conftest.c >&5
cpp: conftest.c:63 #error directive: "Compiler does not advertise C99 conformance"
cc: 6c: cpp 1076: errors
configure:4825: $? = 1
configure: failed program was:
| /* confdefs.h */
| #define PACKAGE_NAME "re2c"
| #define PACKAGE_TARNAME "re2c"
| #define PACKAGE_VERSION "3.0"
| #define PACKAGE_STRING "re2c 3.0"
| #define PACKAGE_BUGREPORT "re2c-general@lists.sourceforge.net"
| #define PACKAGE_URL ""
| #define PACKAGE "re2c"
| #define VERSION "3.0"
| /* end confdefs.h.  */
| 
| /* Does the compiler advertise C89 conformance?
|    Do not test the value of __STDC__, because some compilers set it to 0
|    while being otherwise adequately conformant. */
| #if !defined __STDC__
| # error "Compiler does not advertise C89 conformance"
| #endif
| 
| #include <stddef.h>
| #include <stdarg.h>
| struct stat;
| /* Most of the following tests are stolen from RCS 5.7 src/conf.sh.  */
| struct buf { int x; };
| struct buf * (*rcsopen) (struct buf *, struct stat *, int);
| static char *e (p, i)
|      char **p;
|      int i;
| {
|   return p[i];
| }
| static char *f (char * (*g) (char **, int), char **p, ...)
| {
|   char *s;
|   va_list v;
|   va_start (v,p);
|   s = g (p, va_arg (v,int));
|   va_end (v);
|   return s;
| }
| 
| /* OSF 4.0 Compaq cc is some sort of almost-ANSI by default.  It has
|    function prototypes and stuff, but not \xHH hex character constants.
|    These do not provoke an error unfortunately, instead are silently treated
|    as an "x".  The following induces an error, until -std is added to get
|    proper ANSI mode.  Curiously \x00 != x always comes out true, for an
|    array size at least.  It is necessary to write \x00 == 0 to get something
|    that is true only with -std.  */
| int osf4_cc_array ['\x00' == 0 ? 1 : -1];
| 
| /* IBM C 6 for AIX is almost-ANSI by default, but it replaces macro parameters
|    inside strings and character constants.  */
| #define FOO(x) 'x'
| int xlc6_cc_array[FOO(a) == 'x' ? 1 : -1];
| 
| int test (int i, double x);
| struct s1 {int (*f) (int a);};
| struct s2 {int (*f) (double a);};
| int pairnames (int, char **, int *(*)(struct buf *, struct stat *, int),
|                int, int);
| 
| // Does the compiler advertise C99 conformance?
| #if !defined __STDC_VERSION__ || __STDC_VERSION__ < 199901L
| # error "Compiler does not advertise C99 conformance"
| #endif
| 
| #include <stdbool.h>
| extern int puts (const char *);
| extern int printf (const char *, ...);
| extern int dprintf (int, const char *, ...);
| extern void *malloc (size_t);
| 
| // Check varargs macros.  These examples are taken from C99 6.10.3.5.
| // dprintf is used instead of fprintf to avoid needing to declare
| // FILE and stderr.
| #define debug(...) dprintf (2, __VA_ARGS__)
| #define showlist(...) puts (#__VA_ARGS__)
| #define report(test,...) ((test) ? puts (#test) : printf (__VA_ARGS__))
| static void
| test_varargs_macros (void)
| {
|   int x = 1234;
|   int y = 5678;
|   debug ("Flag");
|   debug ("X = %d\n", x);
|   showlist (The first, second, and third items.);
|   report (x>y, "x is %d but y is %d", x, y);
| }
| 
| // Check long long types.
| #define BIG64 18446744073709551615ull
| #define BIG32 4294967295ul
| #define BIG_OK (BIG64 / BIG32 == 4294967297ull && BIG64 % BIG32 == 0)
| #if !BIG_OK
|   #error "your preprocessor is broken"
| #endif
| #if BIG_OK
| #else
|   #error "your preprocessor is broken"
| #endif
| static long long int bignum = -9223372036854775807LL;
| static unsigned long long int ubignum = BIG64;
| 
| struct incomplete_array
| {
|   int datasize;
|   double data[];
| };
| 
| struct named_init {
|   int number;
|   const wchar_t *name;
|   double average;
| };
| 
| typedef const char *ccp;
| 
| static inline int
| test_restrict (ccp restrict text)
| {
|   // See if C++-style comments work.
|   // Iterate through items via the restricted pointer.
|   // Also check for declarations in for loops.
|   for (unsigned int i = 0; *(text+i) != '\0'; ++i)
|     continue;
|   return 0;
| }
| 
| // Check varargs and va_copy.
| static bool
| test_varargs (const char *format, ...)
| {
|   va_list args;
|   va_start (args, format);
|   va_list args_copy;
|   va_copy (args_copy, args);
| 
|   const char *str = "";
|   int number = 0;
|   float fnumber = 0;
| 
|   while (*format)
|     {
|       switch (*format++)
| 	{
| 	case 's': // string
| 	  str = va_arg (args_copy, const char *);
| 	  break;
| 	case 'd': // int
| 	  number = va_arg (args_copy, int);
| 	  break;
| 	case 'f': // float
| 	  fnumber = va_arg (args_copy, double);
| 	  break;
| 	default:
| 	  break;
| 	}
|     }
|   va_end (args_copy);
|   va_end (args);
| 
|   return *str && number && fnumber;
| }
| 
| 
| int
| main (int argc, char **argv)
| {
|   int ok = 0;
|   
| ok |= (argc == 0 || f (e, argv, 0) != argv[0] || f (e, argv, 1) != argv[1]);
| 
|   
|   // Check bool.
|   _Bool success = false;
|   success |= (argc != 0);
| 
|   // Check restrict.
|   if (test_restrict ("String literal") == 0)
|     success = true;
|   char *restrict newvar = "Another string";
| 
|   // Check varargs.
|   success &= test_varargs ("s, d' f .", "string", 65, 34.234);
|   test_varargs_macros ();
| 
|   // Check flexible array members.
|   struct incomplete_array *ia =
|     malloc (sizeof (struct incomplete_array) + (sizeof (double) * 10));
|   ia->datasize = 10;
|   for (int i = 0; i < ia->datasize; ++i)
|     ia->data[i] = i * 1.234;
| 
|   // Check named initializers.
|   struct named_init ni = {
|     .number = 34,
|     .name = L"Test wide string",
|     .average = 543.34343,
|   };
| 
|   ni.number = 58;
| 
|   int dynamic_array[ni.number];
|   dynamic_array[0] = argv[0][0];
|   dynamic_array[ni.number - 1] = 543;
| 
|   // work around unused variable warnings
|   ok |= (!success || bignum == 0LL || ubignum == 0uLL || newvar[0] == 'x'
| 	 || dynamic_array[ni.number - 1] != 543);
| 
|   return ok;
| }
| 
configure:4838: result: unsupported
configure:4856: checking for cc option to enable C89 features
configure:4871: cc  -c -g  conftest.c >&5
configure:4871: $? = 0
configure:4889: result: none needed
configure:4913: checking whether cc understands -c and -o together
configure:4936: cc -c conftest.c -o conftest2.o
configure:4939: $? = 0
configure:4936: cc -c conftest.c -o conftest2.o
configure:4939: $? = 0
configure:4951: result: yes
configure:4970: checking dependency style of cc
configure:5082: result: none
configure:5102: checking for stdio.h
configure:5102: cc -c -g  conftest.c >&5
configure:5102: $? = 0
configure:5102: result: yes
configure:5102: checking for stdlib.h
configure:5102: cc -c -g  conftest.c >&5
configure:5102: $? = 0
configure:5102: result: yes
configure:5102: checking for string.h
configure:5102: cc -c -g  conftest.c >&5
configure:5102: $? = 0
configure:5102: result: yes
configure:5102: checking for inttypes.h
configure:5102: cc -c -g  conftest.c >&5
configure:5102: $? = 0
configure:5102: result: yes
configure:5102: checking for stdint.h
configure:5102: cc -c -g  conftest.c >&5
configure:5102: $? = 0
configure:5102: result: yes
configure:5102: checking for strings.h
configure:5102: cc -c -g  conftest.c >&5
configure:5102: $? = 0
configure:5102: result: yes
configure:5102: checking for sys/stat.h
configure:5102: cc -c -g  conftest.c >&5
configure:5102: $? = 0
configure:5102: result: yes
configure:5102: checking for sys/types.h
configure:5102: cc -c -g  conftest.c >&5
configure:5102: $? = 0
configure:5102: result: yes
configure:5102: checking for unistd.h
configure:5102: cc -c -g  conftest.c >&5
configure:5102: $? = 0
configure:5102: result: yes
configure:5102: checking for wchar.h
configure:5102: cc -c -g  conftest.c >&5
configure:5102: $? = 0
configure:5102: result: yes
configure:5102: checking for minix/config.h
configure:5102: cc -c -g  conftest.c >&5
<eof> not a function
<eof> syntax error, last name: setegi
cpp: conftest.c:49 Could not find include file <minix/config.h>
cc: 6c: cpp 1383: error
configure:5102: $? = 1
configure: failed program was:
| /* confdefs.h */
| #define PACKAGE_NAME "re2c"
| #define PACKAGE_TARNAME "re2c"
| #define PACKAGE_VERSION "3.0"
| #define PACKAGE_STRING "re2c 3.0"
| #define PACKAGE_BUGREPORT "re2c-general@lists.sourceforge.net"
| #define PACKAGE_URL ""
| #define PACKAGE "re2c"
| #define VERSION "3.0"
| #define HAVE_STDIO_H 1
| #define HAVE_STDLIB_H 1
| #define HAVE_STRING_H 1
| #define HAVE_INTTYPES_H 1
| #define HAVE_STDINT_H 1
| #define HAVE_STRINGS_H 1
| #define HAVE_SYS_STAT_H 1
| #define HAVE_SYS_TYPES_H 1
| #define HAVE_UNISTD_H 1
| #define HAVE_WCHAR_H 1
| /* end confdefs.h.  */
| #include <stddef.h>
| #ifdef HAVE_STDIO_H
| # include <stdio.h>
| #endif
| #ifdef HAVE_STDLIB_H
| # include <stdlib.h>
| #endif
| #ifdef HAVE_STRING_H
| # include <string.h>
| #endif
| #ifdef HAVE_INTTYPES_H
| # include <inttypes.h>
| #endif
| #ifdef HAVE_STDINT_H
| # include <stdint.h>
| #endif
| #ifdef HAVE_STRINGS_H
| # include <strings.h>
| #endif
| #ifdef HAVE_SYS_TYPES_H
| # include <sys/types.h>
| #endif
| #ifdef HAVE_SYS_STAT_H
| # include <sys/stat.h>
| #endif
| #ifdef HAVE_UNISTD_H
| # include <unistd.h>
| #endif
| #include <minix/config.h>
configure:5102: result: no
configure:5133: checking whether it is safe to define __EXTENSIONS__
configure:5152: cc -c -g  conftest.c >&5
configure:5152: $? = 0
configure:5160: result: yes
configure:5163: checking whether _XOPEN_SOURCE should be defined
configure:5185: cc -c -g  conftest.c >&5
configure:5185: $? = 0
configure:5212: result: no
configure:5474: checking for g++
configure:5509: result: no
configure:5474: checking for c++
configure:5495: found /bin/c++
configure:5506: result: c++
configure:5533: checking for C++ compiler version
configure:5542: c++ --version >&5
usage: c++ [-cEFvN] [-o out] [-I dir] [-D sym] [-U sym] [-l lib] [-L dir] file.cpp ...
configure:5553: $? = 1
configure:5542: c++ -v >&5
usage: c++ [-cEFvN] [-o out] [-I dir] [-D sym] [-U sym] [-l lib] [-L dir] file.cpp ...
configure:5553: $? = 1
configure:5542: c++ -V >&5
usage: c++ [-cEFvN] [-o out] [-I dir] [-D sym] [-U sym] [-l lib] [-L dir] file.cpp ...
configure:5553: $? = 1
configure:5542: c++ -qversion >&5
usage: c++ [-cEFvN] [-o out] [-I dir] [-D sym] [-U sym] [-l lib] [-L dir] file.cpp ...
configure:5553: $? = 1
configure:5557: checking whether the compiler supports GNU C++
configure:5577: c++ -c   conftest.cpp >&5
"/tmp/cxx.1488/conftest.src.c", line 43: error: choke me : choke is not a type name
"/tmp/cxx.1488/conftest.src.c", line 46: error:  me undefined
"/tmp/cxx.1488/conftest.src.c", line 46: warning: result of name expression not used
configure:5577: $? = 0
configure: failed program was:
| /* confdefs.h */
| #define PACKAGE_NAME "re2c"
| #define PACKAGE_TARNAME "re2c"
| #define PACKAGE_VERSION "3.0"
| #define PACKAGE_STRING "re2c 3.0"
| #define PACKAGE_BUGREPORT "re2c-general@lists.sourceforge.net"
| #define PACKAGE_URL ""
| #define PACKAGE "re2c"
| #define VERSION "3.0"
| #define HAVE_STDIO_H 1
| #define HAVE_STDLIB_H 1
| #define HAVE_STRING_H 1
| #define HAVE_INTTYPES_H 1
| #define HAVE_STDINT_H 1
| #define HAVE_STRINGS_H 1
| #define HAVE_SYS_STAT_H 1
| #define HAVE_SYS_TYPES_H 1
| #define HAVE_UNISTD_H 1
| #define HAVE_WCHAR_H 1
| #define STDC_HEADERS 1
| #define _ALL_SOURCE 1
| #define _DARWIN_C_SOURCE 1
| #define _GNU_SOURCE 1
| #define _HPUX_ALT_XOPEN_SOCKET_API 1
| #define _NETBSD_SOURCE 1
| #define _OPENBSD_SOURCE 1
| #define _POSIX_PTHREAD_SEMANTICS 1
| #define __STDC_WANT_IEC_60559_ATTRIBS_EXT__ 1
| #define __STDC_WANT_IEC_60559_BFP_EXT__ 1
| #define __STDC_WANT_IEC_60559_DFP_EXT__ 1
| #define __STDC_WANT_IEC_60559_FUNCS_EXT__ 1
| #define __STDC_WANT_IEC_60559_TYPES_EXT__ 1
| #define __STDC_WANT_LIB_EXT2__ 1
| #define __STDC_WANT_MATH_SPEC_FUNCS__ 1
| #define _TANDEM_SOURCE 1
| #define __EXTENSIONS__ 1
| /* end confdefs.h.  */
| 
| int
| main (void)
| {
| #ifndef __GNUC__
|        choke me
| #endif
| 
|   ;
|   return 0;
| }
configure:5587: result: no
configure:5598: checking whether c++ accepts -g
configure:5619: c++ -c -g  conftest.cpp >&5
configure:5619: $? = 0
configure:5663: result: yes
configure:5683: checking for c++ option to enable C++11 features
configure:5698: c++  -c -g  conftest.cpp >&5
cpp: /tmp/cxx.1540/conftest.src.c:41 #error directive: "Compiler does not advertise C++98 conformance"
cpp: /tmp/cxx.1540/conftest.src.c:46 Could not find include file <cstdlib>
cc: cpp: cpp 1548: error
configure:5698: $? = 0
configure: failed program was:
| /* confdefs.h */
| #define PACKAGE_NAME "re2c"
| #define PACKAGE_TARNAME "re2c"
| #define PACKAGE_VERSION "3.0"
| #define PACKAGE_STRING "re2c 3.0"
| #define PACKAGE_BUGREPORT "re2c-general@lists.sourceforge.net"
| #define PACKAGE_URL ""
| #define PACKAGE "re2c"
| #define VERSION "3.0"
| #define HAVE_STDIO_H 1
| #define HAVE_STDLIB_H 1
| #define HAVE_STRING_H 1
| #define HAVE_INTTYPES_H 1
| #define HAVE_STDINT_H 1
| #define HAVE_STRINGS_H 1
| #define HAVE_SYS_STAT_H 1
| #define HAVE_SYS_TYPES_H 1
| #define HAVE_UNISTD_H 1
| #define HAVE_WCHAR_H 1
| #define STDC_HEADERS 1
| #define _ALL_SOURCE 1
| #define _DARWIN_C_SOURCE 1
| #define _GNU_SOURCE 1
| #define _HPUX_ALT_XOPEN_SOCKET_API 1
| #define _NETBSD_SOURCE 1
| #define _OPENBSD_SOURCE 1
| #define _POSIX_PTHREAD_SEMANTICS 1
| #define __STDC_WANT_IEC_60559_ATTRIBS_EXT__ 1
| #define __STDC_WANT_IEC_60559_BFP_EXT__ 1
| #define __STDC_WANT_IEC_60559_DFP_EXT__ 1
| #define __STDC_WANT_IEC_60559_FUNCS_EXT__ 1
| #define __STDC_WANT_IEC_60559_TYPES_EXT__ 1
| #define __STDC_WANT_LIB_EXT2__ 1
| #define __STDC_WANT_MATH_SPEC_FUNCS__ 1
| #define _TANDEM_SOURCE 1
| #define __EXTENSIONS__ 1
| /* end confdefs.h.  */
| 
| // Does the compiler advertise C++98 conformance?
| #if !defined __cplusplus || __cplusplus < 199711L
| # error "Compiler does not advertise C++98 conformance"
| #endif
| 
| // These inclusions are to reject old compilers that
| // lack the unsuffixed header files.
| #include <cstdlib>
| #include <exception>
| 
| // <cassert> and <cstring> are *not* freestanding headers in C++98.
| extern void assert (int);
| namespace std {
|   extern int strcmp (const char *, const char *);
| }
| 
| // Namespaces, exceptions, and templates were all added after "C++ 2.0".
| using std::exception;
| using std::strcmp;
| 
| namespace {
| 
| void test_exception_syntax()
| {
|   try {
|     throw "test";
|   } catch (const char *s) {
|     // Extra parentheses suppress a warning when building autoconf itself,
|     // due to lint rules shared with more typical C programs.
|     assert (!(strcmp) (s, "test"));
|   }
| }
| 
| template <typename T> struct test_template
| {
|   T const val;
|   explicit test_template(T t) : val(t) {}
|   template <typename U> T add(U u) { return static_cast<T>(u) + val; }
| };
| 
| } // anonymous namespace
| 
| 
| // Does the compiler advertise C++ 2011 conformance?
| #if !defined __cplusplus || __cplusplus < 201103L
| # error "Compiler does not advertise C++11 conformance"
| #endif
| 
| namespace cxx11test
| {
|   constexpr int get_val() { return 20; }
| 
|   struct testinit
|   {
|     int i;
|     double d;
|   };
| 
|   class delegate
|   {
|   public:
|     delegate(int n) : n(n) {}
|     delegate(): delegate(2354) {}
| 
|     virtual int getval() { return this->n; };
|   protected:
|     int n;
|   };
| 
|   class overridden : public delegate
|   {
|   public:
|     overridden(int n): delegate(n) {}
|     virtual int getval() override final { return this->n * 2; }
|   };
| 
|   class nocopy
|   {
|   public:
|     nocopy(int i): i(i) {}
|     nocopy() = default;
|     nocopy(const nocopy&) = delete;
|     nocopy & operator=(const nocopy&) = delete;
|   private:
|     int i;
|   };
| 
|   // for testing lambda expressions
|   template <typename Ret, typename Fn> Ret eval(Fn f, Ret v)
|   {
|     return f(v);
|   }
| 
|   // for testing variadic templates and trailing return types
|   template <typename V> auto sum(V first) -> V
|   {
|     return first;
|   }
|   template <typename V, typename... Args> auto sum(V first, Args... rest) -> V
|   {
|     return first + sum(rest...);
|   }
| }
| 
| 
| int
| main (int argc, char **argv)
| {
|   int ok = 0;
|   
|   assert (argc);
|   assert (! argv[0]);
| {
|   test_exception_syntax ();
|   test_template<double> tt (2.0);
|   assert (tt.add (4) == 6.0);
|   assert (true && !false);
| }
| 
|   
| {
|   // Test auto and decltype
|   auto a1 = 6538;
|   auto a2 = 48573953.4;
|   auto a3 = "String literal";
| 
|   int total = 0;
|   for (auto i = a3; *i; ++i) { total += *i; }
| 
|   decltype(a2) a4 = 34895.034;
| }
| {
|   // Test constexpr
|   short sa[cxx11test::get_val()] = { 0 };
| }
| {
|   // Test initializer lists
|   cxx11test::testinit il = { 4323, 435234.23544 };
| }
| {
|   // Test range-based for
|   int array[] = {9, 7, 13, 15, 4, 18, 12, 10, 5, 3,
|                  14, 19, 17, 8, 6, 20, 16, 2, 11, 1};
|   for (auto &x : array) { x += 23; }
| }
| {
|   // Test lambda expressions
|   using cxx11test::eval;
|   assert (eval ([](int x) { return x*2; }, 21) == 42);
|   double d = 2.0;
|   assert (eval ([&](double x) { return d += x; }, 3.0) == 5.0);
|   assert (d == 5.0);
|   assert (eval ([=](double x) mutable { return d += x; }, 4.0) == 9.0);
|   assert (d == 5.0);
| }
| {
|   // Test use of variadic templates
|   using cxx11test::sum;
|   auto a = sum(1);
|   auto b = sum(1, 2);
|   auto c = sum(1.0, 2.0, 3.0);
| }
| {
|   // Test constructor delegation
|   cxx11test::delegate d1;
|   cxx11test::delegate d2();
|   cxx11test::delegate d3(45);
| }
| {
|   // Test override and final
|   cxx11test::overridden o1(55464);
| }
| {
|   // Test nullptr
|   char *c = nullptr;
| }
| {
|   // Test template brackets
|   test_template<::test_template<int>> v(test_template<int>(12));
| }
| {
|   // Unicode literals
|   char const *utf8 = u8"UTF-8 string \u2500";
|   char16_t const *utf16 = u"UTF-8 string \u2500";
|   char32_t const *utf32 = U"UTF-32 string \u2500";
| }
| 
|   return ok;
| }
| 
configure:5716: result: none needed
configure:5782: checking dependency style of c++
configure:5894: result: none
configure:6048: checking for bison
configure:6071: found /bin/bison
configure:6084: result: /bin/bison
configure:6096: checking for python3
configure:6131: result: no
configure:6096: checking for python
configure:6131: result: no
configure:6577: checking for C compiler version
configure:6586: cc --version >&5
cc: flag -- ignored
cc: flag -e ignored
cc: flag -r ignored
cc: flag -i ignored
cc: no files to compile or load
configure:6597: $? = 1
configure:6586: cc -v >&5
cc: no files to compile or load
configure:6597: $? = 1
configure:6586: cc -V >&5
cc: flag -V ignored
cc: no files to compile or load
configure:6597: $? = 1
configure:6586: cc -qversion >&5
cc: flag -q ignored
cc: flag -e ignored
cc: flag -r ignored
cc: flag -i ignored
cc: no files to compile or load
configure:6597: $? = 1
configure:6586: cc -version >&5
cc: flag -e ignored
cc: flag -r ignored
cc: flag -i ignored
cc: no files to compile or load
configure:6597: $? = 1
configure:6601: checking whether the compiler supports GNU C
configure:6631: result: no
configure:6642: checking whether cc accepts -g
configure:6707: result: yes
configure:6727: checking for cc option to enable C11 features
configure:6755: result: unsupported
configure:6773: checking for cc option to enable C99 features
configure:6801: result: unsupported
configure:6819: checking for cc option to enable C89 features
configure:6852: result: none needed
configure:6876: checking whether cc understands -c and -o together
configure:6914: result: yes
configure:6933: checking dependency style of cc
configure:7045: result: none
configure:7182: checking for C++ compiler version
configure:7191: c++ --version >&5
usage: c++ [-cEFvN] [-o out] [-I dir] [-D sym] [-U sym] [-l lib] [-L dir] file.cpp ...
configure:7202: $? = 1
configure:7191: c++ -v >&5
usage: c++ [-cEFvN] [-o out] [-I dir] [-D sym] [-U sym] [-l lib] [-L dir] file.cpp ...
configure:7202: $? = 1
configure:7191: c++ -V >&5
usage: c++ [-cEFvN] [-o out] [-I dir] [-D sym] [-U sym] [-l lib] [-L dir] file.cpp ...
configure:7202: $? = 1
configure:7191: c++ -qversion >&5
usage: c++ [-cEFvN] [-o out] [-I dir] [-D sym] [-U sym] [-l lib] [-L dir] file.cpp ...
configure:7202: $? = 1
configure:7206: checking whether the compiler supports GNU C++
configure:7236: result: no
configure:7247: checking whether c++ accepts -g
configure:7312: result: yes
configure:7332: checking for c++ option to enable C++11 features
configure:7365: result: none needed
configure:7431: checking dependency style of c++
configure:7543: result: none
configure:7570: checking C++ compiler flag -std=c++98
configure:7591: c++ -c -g -std=c++98  conftest.cpp >&5
cc: flag -t ignored
cc: flag -d ignored
cc: flag -= ignored
cc: flag -+ ignored
cc: flag -+ ignored
cc: flag -9 ignored
cc: flag -8 ignored
configure:7591: $? = 0
configure:7609: result: yes
configure:7613: checking C++ compiler flag -W
configure:7634: c++ -c -g -W  conftest.cpp >&5
cc: bad option after -W; ignored
cc: no files to compile or load
configure:7634: $? = 0
configure: failed program was:
| /* confdefs.h */
| #define PACKAGE_NAME "re2c"
| #define PACKAGE_TARNAME "re2c"
| #define PACKAGE_VERSION "3.0"
| #define PACKAGE_STRING "re2c 3.0"
| #define PACKAGE_BUGREPORT "re2c-general@lists.sourceforge.net"
| #define PACKAGE_URL ""
| #define PACKAGE "re2c"
| #define VERSION "3.0"
| #define HAVE_STDIO_H 1
| #define HAVE_STDLIB_H 1
| #define HAVE_STRING_H 1
| #define HAVE_INTTYPES_H 1
| #define HAVE_STDINT_H 1
| #define HAVE_STRINGS_H 1
| #define HAVE_SYS_STAT_H 1
| #define HAVE_SYS_TYPES_H 1
| #define HAVE_UNISTD_H 1
| #define HAVE_WCHAR_H 1
| #define STDC_HEADERS 1
| #define _ALL_SOURCE 1
| #define _DARWIN_C_SOURCE 1
| #define _GNU_SOURCE 1
| #define _HPUX_ALT_XOPEN_SOCKET_API 1
| #define _NETBSD_SOURCE 1
| #define _OPENBSD_SOURCE 1
| #define _POSIX_PTHREAD_SEMANTICS 1
| #define __STDC_WANT_IEC_60559_ATTRIBS_EXT__ 1
| #define __STDC_WANT_IEC_60559_BFP_EXT__ 1
| #define __STDC_WANT_IEC_60559_DFP_EXT__ 1
| #define __STDC_WANT_IEC_60559_FUNCS_EXT__ 1
| #define __STDC_WANT_IEC_60559_TYPES_EXT__ 1
| #define __STDC_WANT_LIB_EXT2__ 1
| #define __STDC_WANT_MATH_SPEC_FUNCS__ 1
| #define _TANDEM_SOURCE 1
| #define __EXTENSIONS__ 1
| /* end confdefs.h.  */
| 
| int
| main (void)
| {
| 
|   ;
|   return 0;
| }
configure:7652: result: no
configure:7656: checking C++ compiler flag -Wall
configure:7677: c++ -c -g -Wall  conftest.cpp >&5
cc: bad option after -W; ignored
configure:7677: $? = 0
configure:7695: result: yes
configure:7699: checking C++ compiler flag -Wextra
configure:7720: c++ -c -g -Wextra  conftest.cpp >&5
cc: bad option after -W; ignored
configure:7720: $? = 0
configure:7738: result: yes
configure:7742: checking C++ compiler flag -Weffc++
configure:7763: c++ -c -g -Weffc++  conftest.cpp >&5
cc: bad option after -W; ignored
configure:7763: $? = 0
configure:7781: result: yes
configure:7785: checking C++ compiler flag -pedantic
configure:7806: c++ -c -g -pedantic  conftest.cpp >&5
cc: flag -e ignored
cc: flag -d ignored
cc: flag -a ignored
cc: flag -n ignored
cc: flag -t ignored
cc: flag -i ignored
configure:7806: $? = 0
configure:7824: result: yes
configure:7828: checking C++ compiler flag -Wformat=2
configure:7849: c++ -c -g -Wformat=2  conftest.cpp >&5
cc: bad option after -W; ignored
configure:7849: $? = 0
configure:7867: result: yes
configure:7871: checking C++ compiler flag -Wredundant-decls
configure:7892: c++ -c -g -Wredundant-decls  conftest.cpp >&5
cc: bad option after -W; ignored
configure:7892: $? = 0
configure:7910: result: yes
configure:7914: checking C++ compiler flag -Wsuggest-attribute=format
configure:7935: c++ -c -g -Wsuggest-attribute=format  conftest.cpp >&5
cc: bad option after -W; ignored
configure:7935: $? = 0
configure:7953: result: yes
configure:7957: checking C++ compiler flag -Wconversion
configure:7978: c++ -c -g -Wconversion  conftest.cpp >&5
cc: bad option after -W; ignored
configure:7978: $? = 0
configure:7996: result: yes
configure:8000: checking C++ compiler flag -Wsign-conversion
configure:8021: c++ -c -g -Wsign-conversion  conftest.cpp >&5
cc: bad option after -W; ignored
configure:8021: $? = 0
configure:8039: result: yes
configure:8043: checking C++ compiler flag -Werror=return-type
configure:8064: c++ -c -g -Werror=return-type  conftest.cpp >&5
cc: bad option after -W; ignored
configure:8064: $? = 0
configure:8082: result: yes
configure:8086: checking C++ compiler flag -O2
configure:8107: c++ -c -g -O2  conftest.cpp >&5
cc: flag -2 ignored
configure:8107: $? = 0
configure:8125: result: yes
configure:8129: checking C++ compiler flag -Weverything
configure:8150: c++ -c -g -Weverything  conftest.cpp >&5
cc: bad option after -W; ignored
configure:8150: $? = 0
configure:8168: result: yes
configure:8174: checking for stdint.h
configure:8174: result: yes
configure:8183: checking for sys/types.h
configure:8183: result: yes
configure:8191: checking for sys/stat.h
configure:8191: result: yes
configure:8199: checking for fcntl.h
configure:8199: cc -c -g  conftest.c >&5
configure:8199: $? = 0
configure:8199: result: yes
configure:8207: checking for unistd.h
configure:8207: result: yes
configure:8215: checking for io.h
configure:8215: cc -c -g  conftest.c >&5
cpp: conftest.c:45 Could not find include file <io.h>
cc: 6c: cpp 2339: error
configure:8215: $? = 1
configure: failed program was:
| /* confdefs.h */
| #define PACKAGE_NAME "re2c"
| #define PACKAGE_TARNAME "re2c"
| #define PACKAGE_VERSION "3.0"
| #define PACKAGE_STRING "re2c 3.0"
| #define PACKAGE_BUGREPORT "re2c-general@lists.sourceforge.net"
| #define PACKAGE_URL ""
| #define PACKAGE "re2c"
| #define VERSION "3.0"
| #define HAVE_STDIO_H 1
| #define HAVE_STDLIB_H 1
| #define HAVE_STRING_H 1
| #define HAVE_INTTYPES_H 1
| #define HAVE_STDINT_H 1
| #define HAVE_STRINGS_H 1
| #define HAVE_SYS_STAT_H 1
| #define HAVE_SYS_TYPES_H 1
| #define HAVE_UNISTD_H 1
| #define HAVE_WCHAR_H 1
| #define STDC_HEADERS 1
| #define _ALL_SOURCE 1
| #define _DARWIN_C_SOURCE 1
| #define _GNU_SOURCE 1
| #define _HPUX_ALT_XOPEN_SOCKET_API 1
| #define _NETBSD_SOURCE 1
| #define _OPENBSD_SOURCE 1
| #define _POSIX_PTHREAD_SEMANTICS 1
| #define __STDC_WANT_IEC_60559_ATTRIBS_EXT__ 1
| #define __STDC_WANT_IEC_60559_BFP_EXT__ 1
| #define __STDC_WANT_IEC_60559_DFP_EXT__ 1
| #define __STDC_WANT_IEC_60559_FUNCS_EXT__ 1
| #define __STDC_WANT_IEC_60559_TYPES_EXT__ 1
| #define __STDC_WANT_LIB_EXT2__ 1
| #define __STDC_WANT_MATH_SPEC_FUNCS__ 1
| #define _TANDEM_SOURCE 1
| #define __EXTENSIONS__ 1
| #define HAVE_STDINT_H 1
| #define HAVE_SYS_TYPES_H 1
| #define HAVE_SYS_STAT_H 1
| #define HAVE_FCNTL_H 1
| #define HAVE_UNISTD_H 1
| /* end confdefs.h.  */
| 
| 
| #include <io.h>
configure:8215: result: no
configure:8228: checking size of char
configure:8234: cc -o conftest -g   conftest.c  >&5
configure:8234: $? = 0
configure:8234: ./conftest
./conftest[204]: no closing quote
configure:8234: $? = 1
configure: program exited with status 1
configure: failed program was:
| /* confdefs.h */
| #define PACKAGE_NAME "re2c"
| #define PACKAGE_TARNAME "re2c"
| #define PACKAGE_VERSION "3.0"
| #define PACKAGE_STRING "re2c 3.0"
| #define PACKAGE_BUGREPORT "re2c-general@lists.sourceforge.net"
| #define PACKAGE_URL ""
| #define PACKAGE "re2c"
| #define VERSION "3.0"
| #define HAVE_STDIO_H 1
| #define HAVE_STDLIB_H 1
| #define HAVE_STRING_H 1
| #define HAVE_INTTYPES_H 1
| #define HAVE_STDINT_H 1
| #define HAVE_STRINGS_H 1
| #define HAVE_SYS_STAT_H 1
| #define HAVE_SYS_TYPES_H 1
| #define HAVE_UNISTD_H 1
| #define HAVE_WCHAR_H 1
| #define STDC_HEADERS 1
| #define _ALL_SOURCE 1
| #define _DARWIN_C_SOURCE 1
| #define _GNU_SOURCE 1
| #define _HPUX_ALT_XOPEN_SOCKET_API 1
| #define _NETBSD_SOURCE 1
| #define _OPENBSD_SOURCE 1
| #define _POSIX_PTHREAD_SEMANTICS 1
| #define __STDC_WANT_IEC_60559_ATTRIBS_EXT__ 1
| #define __STDC_WANT_IEC_60559_BFP_EXT__ 1
| #define __STDC_WANT_IEC_60559_DFP_EXT__ 1
| #define __STDC_WANT_IEC_60559_FUNCS_EXT__ 1
| #define __STDC_WANT_IEC_60559_TYPES_EXT__ 1
| #define __STDC_WANT_LIB_EXT2__ 1
| #define __STDC_WANT_MATH_SPEC_FUNCS__ 1
| #define _TANDEM_SOURCE 1
| #define __EXTENSIONS__ 1
| #define HAVE_STDINT_H 1
| #define HAVE_SYS_TYPES_H 1
| #define HAVE_SYS_STAT_H 1
| #define HAVE_FCNTL_H 1
| #define HAVE_UNISTD_H 1
| /* end confdefs.h.  */
| 
| 
| static long int longval (void) { return (long int) (sizeof (char)); }
| static unsigned long int ulongval (void) { return (long int) (sizeof (char)); }
| #include <stdio.h>
| #include <stdlib.h>
| int
| main (void)
| {
| 
|   FILE *f = fopen ("conftest.val", "w");
|   if (! f)
|     return 1;
|   if (((long int) (sizeof (char))) < 0)
|     {
|       long int i = longval ();
|       if (i != ((long int) (sizeof (char))))
| 	return 1;
|       fprintf (f, "%ld", i);
|     }
|   else
|     {
|       unsigned long int i = ulongval ();
|       if (i != ((long int) (sizeof (char))))
| 	return 1;
|       fprintf (f, "%lu", i);
|     }
|   /* Do not output a trailing newline, as this causes \r\n confusion
|      on some platforms.  */
|   return ferror (f) || fclose (f) != 0;
| 
|   ;
|   return 0;
| }
configure:8250: result: 0
configure:8262: checking size of short
configure:8268: cc -o conftest -g   conftest.c  >&5
configure:8268: $? = 0
configure:8268: ./conftest
./conftest[204]: no closing quote
configure:8268: $? = 1
configure: program exited with status 1
configure: failed program was:
| /* confdefs.h */
| #define PACKAGE_NAME "re2c"
| #define PACKAGE_TARNAME "re2c"
| #define PACKAGE_VERSION "3.0"
| #define PACKAGE_STRING "re2c 3.0"
| #define PACKAGE_BUGREPORT "re2c-general@lists.sourceforge.net"
| #define PACKAGE_URL ""
| #define PACKAGE "re2c"
| #define VERSION "3.0"
| #define HAVE_STDIO_H 1
| #define HAVE_STDLIB_H 1
| #define HAVE_STRING_H 1
| #define HAVE_INTTYPES_H 1
| #define HAVE_STDINT_H 1
| #define HAVE_STRINGS_H 1
| #define HAVE_SYS_STAT_H 1
| #define HAVE_SYS_TYPES_H 1
| #define HAVE_UNISTD_H 1
| #define HAVE_WCHAR_H 1
| #define STDC_HEADERS 1
| #define _ALL_SOURCE 1
| #define _DARWIN_C_SOURCE 1
| #define _GNU_SOURCE 1
| #define _HPUX_ALT_XOPEN_SOCKET_API 1
| #define _NETBSD_SOURCE 1
| #define _OPENBSD_SOURCE 1
| #define _POSIX_PTHREAD_SEMANTICS 1
| #define __STDC_WANT_IEC_60559_ATTRIBS_EXT__ 1
| #define __STDC_WANT_IEC_60559_BFP_EXT__ 1
| #define __STDC_WANT_IEC_60559_DFP_EXT__ 1
| #define __STDC_WANT_IEC_60559_FUNCS_EXT__ 1
| #define __STDC_WANT_IEC_60559_TYPES_EXT__ 1
| #define __STDC_WANT_LIB_EXT2__ 1
| #define __STDC_WANT_MATH_SPEC_FUNCS__ 1
| #define _TANDEM_SOURCE 1
| #define __EXTENSIONS__ 1
| #define HAVE_STDINT_H 1
| #define HAVE_SYS_TYPES_H 1
| #define HAVE_SYS_STAT_H 1
| #define HAVE_FCNTL_H 1
| #define HAVE_UNISTD_H 1
| #define SIZEOF_CHAR 0
| /* end confdefs.h.  */
| 
| 
| static long int longval (void) { return (long int) (sizeof (short)); }
| static unsigned long int ulongval (void) { return (long int) (sizeof (short)); }
| #include <stdio.h>
| #include <stdlib.h>
| int
| main (void)
| {
| 
|   FILE *f = fopen ("conftest.val", "w");
|   if (! f)
|     return 1;
|   if (((long int) (sizeof (short))) < 0)
|     {
|       long int i = longval ();
|       if (i != ((long int) (sizeof (short))))
| 	return 1;
|       fprintf (f, "%ld", i);
|     }
|   else
|     {
|       unsigned long int i = ulongval ();
|       if (i != ((long int) (sizeof (short))))
| 	return 1;
|       fprintf (f, "%lu", i);
|     }
|   /* Do not output a trailing newline, as this causes \r\n confusion
|      on some platforms.  */
|   return ferror (f) || fclose (f) != 0;
| 
|   ;
|   return 0;
| }
configure:8284: result: 0
configure:8296: checking size of int
configure:8302: cc -o conftest -g   conftest.c  >&5
configure:8302: $? = 0
configure:8302: ./conftest
./conftest[204]: no closing quote
configure:8302: $? = 1
configure: program exited with status 1
configure: failed program was:
| /* confdefs.h */
| #define PACKAGE_NAME "re2c"
| #define PACKAGE_TARNAME "re2c"
| #define PACKAGE_VERSION "3.0"
| #define PACKAGE_STRING "re2c 3.0"
| #define PACKAGE_BUGREPORT "re2c-general@lists.sourceforge.net"
| #define PACKAGE_URL ""
| #define PACKAGE "re2c"
| #define VERSION "3.0"
| #define HAVE_STDIO_H 1
| #define HAVE_STDLIB_H 1
| #define HAVE_STRING_H 1
| #define HAVE_INTTYPES_H 1
| #define HAVE_STDINT_H 1
| #define HAVE_STRINGS_H 1
| #define HAVE_SYS_STAT_H 1
| #define HAVE_SYS_TYPES_H 1
| #define HAVE_UNISTD_H 1
| #define HAVE_WCHAR_H 1
| #define STDC_HEADERS 1
| #define _ALL_SOURCE 1
| #define _DARWIN_C_SOURCE 1
| #define _GNU_SOURCE 1
| #define _HPUX_ALT_XOPEN_SOCKET_API 1
| #define _NETBSD_SOURCE 1
| #define _OPENBSD_SOURCE 1
| #define _POSIX_PTHREAD_SEMANTICS 1
| #define __STDC_WANT_IEC_60559_ATTRIBS_EXT__ 1
| #define __STDC_WANT_IEC_60559_BFP_EXT__ 1
| #define __STDC_WANT_IEC_60559_DFP_EXT__ 1
| #define __STDC_WANT_IEC_60559_FUNCS_EXT__ 1
| #define __STDC_WANT_IEC_60559_TYPES_EXT__ 1
| #define __STDC_WANT_LIB_EXT2__ 1
| #define __STDC_WANT_MATH_SPEC_FUNCS__ 1
| #define _TANDEM_SOURCE 1
| #define __EXTENSIONS__ 1
| #define HAVE_STDINT_H 1
| #define HAVE_SYS_TYPES_H 1
| #define HAVE_SYS_STAT_H 1
| #define HAVE_FCNTL_H 1
| #define HAVE_UNISTD_H 1
| #define SIZEOF_CHAR 0
| #define SIZEOF_SHORT 0
| /* end confdefs.h.  */
| 
| 
| static long int longval (void) { return (long int) (sizeof (int)); }
| static unsigned long int ulongval (void) { return (long int) (sizeof (int)); }
| #include <stdio.h>
| #include <stdlib.h>
| int
| main (void)
| {
| 
|   FILE *f = fopen ("conftest.val", "w");
|   if (! f)
|     return 1;
|   if (((long int) (sizeof (int))) < 0)
|     {
|       long int i = longval ();
|       if (i != ((long int) (sizeof (int))))
| 	return 1;
|       fprintf (f, "%ld", i);
|     }
|   else
|     {
|       unsigned long int i = ulongval ();
|       if (i != ((long int) (sizeof (int))))
| 	return 1;
|       fprintf (f, "%lu", i);
|     }
|   /* Do not output a trailing newline, as this causes \r\n confusion
|      on some platforms.  */
|   return ferror (f) || fclose (f) != 0;
| 
|   ;
|   return 0;
| }
configure:8318: result: 0
configure:8330: checking size of long
configure:8336: cc -o conftest -g   conftest.c  >&5
configure:8336: $? = 0
configure:8336: ./conftest
./conftest[204]: no closing quote
configure:8336: $? = 1
configure: program exited with status 1
configure: failed program was:
| /* confdefs.h */
| #define PACKAGE_NAME "re2c"
| #define PACKAGE_TARNAME "re2c"
| #define PACKAGE_VERSION "3.0"
| #define PACKAGE_STRING "re2c 3.0"
| #define PACKAGE_BUGREPORT "re2c-general@lists.sourceforge.net"
| #define PACKAGE_URL ""
| #define PACKAGE "re2c"
| #define VERSION "3.0"
| #define HAVE_STDIO_H 1
| #define HAVE_STDLIB_H 1
| #define HAVE_STRING_H 1
| #define HAVE_INTTYPES_H 1
| #define HAVE_STDINT_H 1
| #define HAVE_STRINGS_H 1
| #define HAVE_SYS_STAT_H 1
| #define HAVE_SYS_TYPES_H 1
| #define HAVE_UNISTD_H 1
| #define HAVE_WCHAR_H 1
| #define STDC_HEADERS 1
| #define _ALL_SOURCE 1
| #define _DARWIN_C_SOURCE 1
| #define _GNU_SOURCE 1
| #define _HPUX_ALT_XOPEN_SOCKET_API 1
| #define _NETBSD_SOURCE 1
| #define _OPENBSD_SOURCE 1
| #define _POSIX_PTHREAD_SEMANTICS 1
| #define __STDC_WANT_IEC_60559_ATTRIBS_EXT__ 1
| #define __STDC_WANT_IEC_60559_BFP_EXT__ 1
| #define __STDC_WANT_IEC_60559_DFP_EXT__ 1
| #define __STDC_WANT_IEC_60559_FUNCS_EXT__ 1
| #define __STDC_WANT_IEC_60559_TYPES_EXT__ 1
| #define __STDC_WANT_LIB_EXT2__ 1
| #define __STDC_WANT_MATH_SPEC_FUNCS__ 1
| #define _TANDEM_SOURCE 1
| #define __EXTENSIONS__ 1
| #define HAVE_STDINT_H 1
| #define HAVE_SYS_TYPES_H 1
| #define HAVE_SYS_STAT_H 1
| #define HAVE_FCNTL_H 1
| #define HAVE_UNISTD_H 1
| #define SIZEOF_CHAR 0
| #define SIZEOF_SHORT 0
| #define SIZEOF_INT 0
| /* end confdefs.h.  */
| 
| 
| static long int longval (void) { return (long int) (sizeof (long)); }
| static unsigned long int ulongval (void) { return (long int) (sizeof (long)); }
| #include <stdio.h>
| #include <stdlib.h>
| int
| main (void)
| {
| 
|   FILE *f = fopen ("conftest.val", "w");
|   if (! f)
|     return 1;
|   if (((long int) (sizeof (long))) < 0)
|     {
|       long int i = longval ();
|       if (i != ((long int) (sizeof (long))))
| 	return 1;
|       fprintf (f, "%ld", i);
|     }
|   else
|     {
|       unsigned long int i = ulongval ();
|       if (i != ((long int) (sizeof (long))))
| 	return 1;
|       fprintf (f, "%lu", i);
|     }
|   /* Do not output a trailing newline, as this causes \r\n confusion
|      on some platforms.  */
|   return ferror (f) || fclose (f) != 0;
| 
|   ;
|   return 0;
| }
configure:8352: result: 0
configure:8364: checking size of long long
configure:8370: cc -o conftest -g   conftest.c  >&5
configure:8370: $? = 0
configure:8370: ./conftest
./conftest[204]: no closing quote
configure:8370: $? = 1
configure: program exited with status 1
configure: failed program was:
| /* confdefs.h */
| #define PACKAGE_NAME "re2c"
| #define PACKAGE_TARNAME "re2c"
| #define PACKAGE_VERSION "3.0"
| #define PACKAGE_STRING "re2c 3.0"
| #define PACKAGE_BUGREPORT "re2c-general@lists.sourceforge.net"
| #define PACKAGE_URL ""
| #define PACKAGE "re2c"
| #define VERSION "3.0"
| #define HAVE_STDIO_H 1
| #define HAVE_STDLIB_H 1
| #define HAVE_STRING_H 1
| #define HAVE_INTTYPES_H 1
| #define HAVE_STDINT_H 1
| #define HAVE_STRINGS_H 1
| #define HAVE_SYS_STAT_H 1
| #define HAVE_SYS_TYPES_H 1
| #define HAVE_UNISTD_H 1
| #define HAVE_WCHAR_H 1
| #define STDC_HEADERS 1
| #define _ALL_SOURCE 1
| #define _DARWIN_C_SOURCE 1
| #define _GNU_SOURCE 1
| #define _HPUX_ALT_XOPEN_SOCKET_API 1
| #define _NETBSD_SOURCE 1
| #define _OPENBSD_SOURCE 1
| #define _POSIX_PTHREAD_SEMANTICS 1
| #define __STDC_WANT_IEC_60559_ATTRIBS_EXT__ 1
| #define __STDC_WANT_IEC_60559_BFP_EXT__ 1
| #define __STDC_WANT_IEC_60559_DFP_EXT__ 1
| #define __STDC_WANT_IEC_60559_FUNCS_EXT__ 1
| #define __STDC_WANT_IEC_60559_TYPES_EXT__ 1
| #define __STDC_WANT_LIB_EXT2__ 1
| #define __STDC_WANT_MATH_SPEC_FUNCS__ 1
| #define _TANDEM_SOURCE 1
| #define __EXTENSIONS__ 1
| #define HAVE_STDINT_H 1
| #define HAVE_SYS_TYPES_H 1
| #define HAVE_SYS_STAT_H 1
| #define HAVE_FCNTL_H 1
| #define HAVE_UNISTD_H 1
| #define SIZEOF_CHAR 0
| #define SIZEOF_SHORT 0
| #define SIZEOF_INT 0
| #define SIZEOF_LONG 0
| /* end confdefs.h.  */
| 
| 
| static long int longval (void) { return (long int) (sizeof (long long)); }
| static unsigned long int ulongval (void) { return (long int) (sizeof (long long)); }
| #include <stdio.h>
| #include <stdlib.h>
| int
| main (void)
| {
| 
|   FILE *f = fopen ("conftest.val", "w");
|   if (! f)
|     return 1;
|   if (((long int) (sizeof (long long))) < 0)
|     {
|       long int i = longval ();
|       if (i != ((long int) (sizeof (long long))))
| 	return 1;
|       fprintf (f, "%ld", i);
|     }
|   else
|     {
|       unsigned long int i = ulongval ();
|       if (i != ((long int) (sizeof (long long))))
| 	return 1;
|       fprintf (f, "%lu", i);
|     }
|   /* Do not output a trailing newline, as this causes \r\n confusion
|      on some platforms.  */
|   return ferror (f) || fclose (f) != 0;
| 
|   ;
|   return 0;
| }
configure:8386: result: 0
configure:8398: checking size of __int64
configure:8404: cc -o conftest -g   conftest.c  >&5
/usr/glenda/APExp/sys/src/external/re2c/conftest.c:50[stdin:51] name not declared: __int64
cc: cpp: 6c 2470: error
configure:8404: $? = 1
configure: program exited with status 1
configure: failed program was:
| /* confdefs.h */
| #define PACKAGE_NAME "re2c"
| #define PACKAGE_TARNAME "re2c"
| #define PACKAGE_VERSION "3.0"
| #define PACKAGE_STRING "re2c 3.0"
| #define PACKAGE_BUGREPORT "re2c-general@lists.sourceforge.net"
| #define PACKAGE_URL ""
| #define PACKAGE "re2c"
| #define VERSION "3.0"
| #define HAVE_STDIO_H 1
| #define HAVE_STDLIB_H 1
| #define HAVE_STRING_H 1
| #define HAVE_INTTYPES_H 1
| #define HAVE_STDINT_H 1
| #define HAVE_STRINGS_H 1
| #define HAVE_SYS_STAT_H 1
| #define HAVE_SYS_TYPES_H 1
| #define HAVE_UNISTD_H 1
| #define HAVE_WCHAR_H 1
| #define STDC_HEADERS 1
| #define _ALL_SOURCE 1
| #define _DARWIN_C_SOURCE 1
| #define _GNU_SOURCE 1
| #define _HPUX_ALT_XOPEN_SOCKET_API 1
| #define _NETBSD_SOURCE 1
| #define _OPENBSD_SOURCE 1
| #define _POSIX_PTHREAD_SEMANTICS 1
| #define __STDC_WANT_IEC_60559_ATTRIBS_EXT__ 1
| #define __STDC_WANT_IEC_60559_BFP_EXT__ 1
| #define __STDC_WANT_IEC_60559_DFP_EXT__ 1
| #define __STDC_WANT_IEC_60559_FUNCS_EXT__ 1
| #define __STDC_WANT_IEC_60559_TYPES_EXT__ 1
| #define __STDC_WANT_LIB_EXT2__ 1
| #define __STDC_WANT_MATH_SPEC_FUNCS__ 1
| #define _TANDEM_SOURCE 1
| #define __EXTENSIONS__ 1
| #define HAVE_STDINT_H 1
| #define HAVE_SYS_TYPES_H 1
| #define HAVE_SYS_STAT_H 1
| #define HAVE_FCNTL_H 1
| #define HAVE_UNISTD_H 1
| #define SIZEOF_CHAR 0
| #define SIZEOF_SHORT 0
| #define SIZEOF_INT 0
| #define SIZEOF_LONG 0
| #define SIZEOF_LONG_LONG 0
| /* end confdefs.h.  */
| 
| 
| static long int longval (void) { return (long int) (sizeof (__int64)); }
| static unsigned long int ulongval (void) { return (long int) (sizeof (__int64)); }
| #include <stdio.h>
| #include <stdlib.h>
| int
| main (void)
| {
| 
|   FILE *f = fopen ("conftest.val", "w");
|   if (! f)
|     return 1;
|   if (((long int) (sizeof (__int64))) < 0)
|     {
|       long int i = longval ();
|       if (i != ((long int) (sizeof (__int64))))
| 	return 1;
|       fprintf (f, "%ld", i);
|     }
|   else
|     {
|       unsigned long int i = ulongval ();
|       if (i != ((long int) (sizeof (__int64))))
| 	return 1;
|       fprintf (f, "%lu", i);
|     }
|   /* Do not output a trailing newline, as this causes \r\n confusion
|      on some platforms.  */
|   return ferror (f) || fclose (f) != 0;
| 
|   ;
|   return 0;
| }
configure:8420: result: 0
configure:8433: checking size of void *
configure:8439: cc -o conftest -g   conftest.c  >&5
configure:8439: $? = 0
configure:8439: ./conftest
./conftest[204]: no closing quote
configure:8439: $? = 1
configure: program exited with status 1
configure: failed program was:
| /* confdefs.h */
| #define PACKAGE_NAME "re2c"
| #define PACKAGE_TARNAME "re2c"
| #define PACKAGE_VERSION "3.0"
| #define PACKAGE_STRING "re2c 3.0"
| #define PACKAGE_BUGREPORT "re2c-general@lists.sourceforge.net"
| #define PACKAGE_URL ""
| #define PACKAGE "re2c"
| #define VERSION "3.0"
| #define HAVE_STDIO_H 1
| #define HAVE_STDLIB_H 1
| #define HAVE_STRING_H 1
| #define HAVE_INTTYPES_H 1
| #define HAVE_STDINT_H 1
| #define HAVE_STRINGS_H 1
| #define HAVE_SYS_STAT_H 1
| #define HAVE_SYS_TYPES_H 1
| #define HAVE_UNISTD_H 1
| #define HAVE_WCHAR_H 1
| #define STDC_HEADERS 1
| #define _ALL_SOURCE 1
| #define _DARWIN_C_SOURCE 1
| #define _GNU_SOURCE 1
| #define _HPUX_ALT_XOPEN_SOCKET_API 1
| #define _NETBSD_SOURCE 1
| #define _OPENBSD_SOURCE 1
| #define _POSIX_PTHREAD_SEMANTICS 1
| #define __STDC_WANT_IEC_60559_ATTRIBS_EXT__ 1
| #define __STDC_WANT_IEC_60559_BFP_EXT__ 1
| #define __STDC_WANT_IEC_60559_DFP_EXT__ 1
| #define __STDC_WANT_IEC_60559_FUNCS_EXT__ 1
| #define __STDC_WANT_IEC_60559_TYPES_EXT__ 1
| #define __STDC_WANT_LIB_EXT2__ 1
| #define __STDC_WANT_MATH_SPEC_FUNCS__ 1
| #define _TANDEM_SOURCE 1
| #define __EXTENSIONS__ 1
| #define HAVE_STDINT_H 1
| #define HAVE_SYS_TYPES_H 1
| #define HAVE_SYS_STAT_H 1
| #define HAVE_FCNTL_H 1
| #define HAVE_UNISTD_H 1
| #define SIZEOF_CHAR 0
| #define SIZEOF_SHORT 0
| #define SIZEOF_INT 0
| #define SIZEOF_LONG 0
| #define SIZEOF_LONG_LONG 0
| #define SIZEOF___INT64 0
| /* end confdefs.h.  */
| 
| 
| static long int longval (void) { return (long int) (sizeof (void *)); }
| static unsigned long int ulongval (void) { return (long int) (sizeof (void *)); }
| #include <stdio.h>
| #include <stdlib.h>
| int
| main (void)
| {
| 
|   FILE *f = fopen ("conftest.val", "w");
|   if (! f)
|     return 1;
|   if (((long int) (sizeof (void *))) < 0)
|     {
|       long int i = longval ();
|       if (i != ((long int) (sizeof (void *))))
| 	return 1;
|       fprintf (f, "%ld", i);
|     }
|   else
|     {
|       unsigned long int i = ulongval ();
|       if (i != ((long int) (sizeof (void *))))
| 	return 1;
|       fprintf (f, "%lu", i);
|     }
|   /* Do not output a trailing newline, as this causes \r\n confusion
|      on some platforms.  */
|   return ferror (f) || fclose (f) != 0;
| 
|   ;
|   return 0;
| }
configure:8455: result: 0
configure:8468: checking size of 0l
configure:8474: cc -o conftest -g   conftest.c  >&5
configure:8474: $? = 0
configure:8474: ./conftest
./conftest[204]: no closing quote
configure:8474: $? = 1
configure: program exited with status 1
configure: failed program was:
| /* confdefs.h */
| #define PACKAGE_NAME "re2c"
| #define PACKAGE_TARNAME "re2c"
| #define PACKAGE_VERSION "3.0"
| #define PACKAGE_STRING "re2c 3.0"
| #define PACKAGE_BUGREPORT "re2c-general@lists.sourceforge.net"
| #define PACKAGE_URL ""
| #define PACKAGE "re2c"
| #define VERSION "3.0"
| #define HAVE_STDIO_H 1
| #define HAVE_STDLIB_H 1
| #define HAVE_STRING_H 1
| #define HAVE_INTTYPES_H 1
| #define HAVE_STDINT_H 1
| #define HAVE_STRINGS_H 1
| #define HAVE_SYS_STAT_H 1
| #define HAVE_SYS_TYPES_H 1
| #define HAVE_UNISTD_H 1
| #define HAVE_WCHAR_H 1
| #define STDC_HEADERS 1
| #define _ALL_SOURCE 1
| #define _DARWIN_C_SOURCE 1
| #define _GNU_SOURCE 1
| #define _HPUX_ALT_XOPEN_SOCKET_API 1
| #define _NETBSD_SOURCE 1
| #define _OPENBSD_SOURCE 1
| #define _POSIX_PTHREAD_SEMANTICS 1
| #define __STDC_WANT_IEC_60559_ATTRIBS_EXT__ 1
| #define __STDC_WANT_IEC_60559_BFP_EXT__ 1
| #define __STDC_WANT_IEC_60559_DFP_EXT__ 1
| #define __STDC_WANT_IEC_60559_FUNCS_EXT__ 1
| #define __STDC_WANT_IEC_60559_TYPES_EXT__ 1
| #define __STDC_WANT_LIB_EXT2__ 1
| #define __STDC_WANT_MATH_SPEC_FUNCS__ 1
| #define _TANDEM_SOURCE 1
| #define __EXTENSIONS__ 1
| #define HAVE_STDINT_H 1
| #define HAVE_SYS_TYPES_H 1
| #define HAVE_SYS_STAT_H 1
| #define HAVE_FCNTL_H 1
| #define HAVE_UNISTD_H 1
| #define SIZEOF_CHAR 0
| #define SIZEOF_SHORT 0
| #define SIZEOF_INT 0
| #define SIZEOF_LONG 0
| #define SIZEOF_LONG_LONG 0
| #define SIZEOF___INT64 0
| #define SIZEOF_VOID_P 0
| /* end confdefs.h.  */
| 
| 
| static long int longval (void) { return (long int) (sizeof (0l)); }
| static unsigned long int ulongval (void) { return (long int) (sizeof (0l)); }
| #include <stdio.h>
| #include <stdlib.h>
| int
| main (void)
| {
| 
|   FILE *f = fopen ("conftest.val", "w");
|   if (! f)
|     return 1;
|   if (((long int) (sizeof (0l))) < 0)
|     {
|       long int i = longval ();
|       if (i != ((long int) (sizeof (0l))))
| 	return 1;
|       fprintf (f, "%ld", i);
|     }
|   else
|     {
|       unsigned long int i = ulongval ();
|       if (i != ((long int) (sizeof (0l))))
| 	return 1;
|       fprintf (f, "%lu", i);
|     }
|   /* Do not output a trailing newline, as this causes \r\n confusion
|      on some platforms.  */
|   return ferror (f) || fclose (f) != 0;
| 
|   ;
|   return 0;
| }
configure:8490: result: 0
configure:8502: checking size of 0ll
configure:8508: cc -o conftest -g   conftest.c  >&5
configure:8508: $? = 0
configure:8508: ./conftest
./conftest[204]: no closing quote
configure:8508: $? = 1
configure: program exited with status 1
configure: failed program was:
| /* confdefs.h */
| #define PACKAGE_NAME "re2c"
| #define PACKAGE_TARNAME "re2c"
| #define PACKAGE_VERSION "3.0"
| #define PACKAGE_STRING "re2c 3.0"
| #define PACKAGE_BUGREPORT "re2c-general@lists.sourceforge.net"
| #define PACKAGE_URL ""
| #define PACKAGE "re2c"
| #define VERSION "3.0"
| #define HAVE_STDIO_H 1
| #define HAVE_STDLIB_H 1
| #define HAVE_STRING_H 1
| #define HAVE_INTTYPES_H 1
| #define HAVE_STDINT_H 1
| #define HAVE_STRINGS_H 1
| #define HAVE_SYS_STAT_H 1
| #define HAVE_SYS_TYPES_H 1
| #define HAVE_UNISTD_H 1
| #define HAVE_WCHAR_H 1
| #define STDC_HEADERS 1
| #define _ALL_SOURCE 1
| #define _DARWIN_C_SOURCE 1
| #define _GNU_SOURCE 1
| #define _HPUX_ALT_XOPEN_SOCKET_API 1
| #define _NETBSD_SOURCE 1
| #define _OPENBSD_SOURCE 1
| #define _POSIX_PTHREAD_SEMANTICS 1
| #define __STDC_WANT_IEC_60559_ATTRIBS_EXT__ 1
| #define __STDC_WANT_IEC_60559_BFP_EXT__ 1
| #define __STDC_WANT_IEC_60559_DFP_EXT__ 1
| #define __STDC_WANT_IEC_60559_FUNCS_EXT__ 1
| #define __STDC_WANT_IEC_60559_TYPES_EXT__ 1
| #define __STDC_WANT_LIB_EXT2__ 1
| #define __STDC_WANT_MATH_SPEC_FUNCS__ 1
| #define _TANDEM_SOURCE 1
| #define __EXTENSIONS__ 1
| #define HAVE_STDINT_H 1
| #define HAVE_SYS_TYPES_H 1
| #define HAVE_SYS_STAT_H 1
| #define HAVE_FCNTL_H 1
| #define HAVE_UNISTD_H 1
| #define SIZEOF_CHAR 0
| #define SIZEOF_SHORT 0
| #define SIZEOF_INT 0
| #define SIZEOF_LONG 0
| #define SIZEOF_LONG_LONG 0
| #define SIZEOF___INT64 0
| #define SIZEOF_VOID_P 0
| #define SIZEOF_0L 0
| /* end confdefs.h.  */
| 
| 
| static long int longval (void) { return (long int) (sizeof (0ll)); }
| static unsigned long int ulongval (void) { return (long int) (sizeof (0ll)); }
| #include <stdio.h>
| #include <stdlib.h>
| int
| main (void)
| {
| 
|   FILE *f = fopen ("conftest.val", "w");
|   if (! f)
|     return 1;
|   if (((long int) (sizeof (0ll))) < 0)
|     {
|       long int i = longval ();
|       if (i != ((long int) (sizeof (0ll))))
| 	return 1;
|       fprintf (f, "%ld", i);
|     }
|   else
|     {
|       unsigned long int i = ulongval ();
|       if (i != ((long int) (sizeof (0ll))))
| 	return 1;
|       fprintf (f, "%lu", i);
|     }
|   /* Do not output a trailing newline, as this causes \r\n confusion
|      on some platforms.  */
|   return ferror (f) || fclose (f) != 0;
| 
|   ;
|   return 0;
| }
configure:8524: result: 0
configure:8536: checking size of 0i8
configure:8542: cc -o conftest -g   conftest.c  >&5
/usr/glenda/APExp/sys/src/external/re2c/conftest.c:54[stdin:55] syntax error, last name: i8
/usr/glenda/APExp/sys/src/external/re2c/conftest.c:55[stdin:56] syntax error, last name: i8
/usr/glenda/APExp/sys/src/external/re2c/conftest.c:65[stdin:1406] syntax error, last name: i8
/usr/glenda/APExp/sys/src/external/re2c/conftest.c:68[stdin:1409] syntax error, last name: i8
/usr/glenda/APExp/sys/src/external/re2c/conftest.c:72[stdin:1413] syntax error, last name: else
cc: cpp: 6c 2557: error
configure:8542: $? = 1
configure: program exited with status 1
configure: failed program was:
| /* confdefs.h */
| #define PACKAGE_NAME "re2c"
| #define PACKAGE_TARNAME "re2c"
| #define PACKAGE_VERSION "3.0"
| #define PACKAGE_STRING "re2c 3.0"
| #define PACKAGE_BUGREPORT "re2c-general@lists.sourceforge.net"
| #define PACKAGE_URL ""
| #define PACKAGE "re2c"
| #define VERSION "3.0"
| #define HAVE_STDIO_H 1
| #define HAVE_STDLIB_H 1
| #define HAVE_STRING_H 1
| #define HAVE_INTTYPES_H 1
| #define HAVE_STDINT_H 1
| #define HAVE_STRINGS_H 1
| #define HAVE_SYS_STAT_H 1
| #define HAVE_SYS_TYPES_H 1
| #define HAVE_UNISTD_H 1
| #define HAVE_WCHAR_H 1
| #define STDC_HEADERS 1
| #define _ALL_SOURCE 1
| #define _DARWIN_C_SOURCE 1
| #define _GNU_SOURCE 1
| #define _HPUX_ALT_XOPEN_SOCKET_API 1
| #define _NETBSD_SOURCE 1
| #define _OPENBSD_SOURCE 1
| #define _POSIX_PTHREAD_SEMANTICS 1
| #define __STDC_WANT_IEC_60559_ATTRIBS_EXT__ 1
| #define __STDC_WANT_IEC_60559_BFP_EXT__ 1
| #define __STDC_WANT_IEC_60559_DFP_EXT__ 1
| #define __STDC_WANT_IEC_60559_FUNCS_EXT__ 1
| #define __STDC_WANT_IEC_60559_TYPES_EXT__ 1
| #define __STDC_WANT_LIB_EXT2__ 1
| #define __STDC_WANT_MATH_SPEC_FUNCS__ 1
| #define _TANDEM_SOURCE 1
| #define __EXTENSIONS__ 1
| #define HAVE_STDINT_H 1
| #define HAVE_SYS_TYPES_H 1
| #define HAVE_SYS_STAT_H 1
| #define HAVE_FCNTL_H 1
| #define HAVE_UNISTD_H 1
| #define SIZEOF_CHAR 0
| #define SIZEOF_SHORT 0
| #define SIZEOF_INT 0
| #define SIZEOF_LONG 0
| #define SIZEOF_LONG_LONG 0
| #define SIZEOF___INT64 0
| #define SIZEOF_VOID_P 0
| #define SIZEOF_0L 0
| #define SIZEOF_0LL 0
| /* end confdefs.h.  */
| 
| 
| static long int longval (void) { return (long int) (sizeof (0i8)); }
| static unsigned long int ulongval (void) { return (long int) (sizeof (0i8)); }
| #include <stdio.h>
| #include <stdlib.h>
| int
| main (void)
| {
| 
|   FILE *f = fopen ("conftest.val", "w");
|   if (! f)
|     return 1;
|   if (((long int) (sizeof (0i8))) < 0)
|     {
|       long int i = longval ();
|       if (i != ((long int) (sizeof (0i8))))
| 	return 1;
|       fprintf (f, "%ld", i);
|     }
|   else
|     {
|       unsigned long int i = ulongval ();
|       if (i != ((long int) (sizeof (0i8))))
| 	return 1;
|       fprintf (f, "%lu", i);
|     }
|   /* Do not output a trailing newline, as this causes \r\n confusion
|      on some platforms.  */
|   return ferror (f) || fclose (f) != 0;
| 
|   ;
|   return 0;
| }
configure:8558: result: 0
configure:8614: checking build system type
configure:8629: result: x86_64-unknown-plan9
configure:8649: checking host system type
configure:8663: result: x86_64-unknown-plan9
configure:8704: checking how to print strings
configure:8733: result: print -r
configure:8752: checking for a sed that does not truncate output
configure:8822: result: /bin/sed
configure:8840: checking for grep that handles long lines and -e
configure:8904: result: /bin/grep
configure:8909: checking for egrep
configure:8977: result: /bin/grep -E
configure:8982: checking for fgrep
configure:9050: result: /bin/grep -F
configure:9119: checking for non-GNU ld
configure:9154: result: pcc
configure:9161: checking if the linker (pcc) is GNU ld
configure:9177: result: no
configure:9189: checking for BSD- or MS-compatible name lister (nm)
configure:9244: result: /bin/nm
configure:9384: checking the name lister (/bin/nm) interface
configure:9392: cc -c -g  conftest.c >&5
configure:9395: /bin/nm "conftest.o"
configure:9398: output
 D some_variable
configure:9405: result: BSD nm
configure:9408: checking whether ln -s works
configure:9415: result: no, using cp -pR
configure:9420: checking the maximum length of command line arguments
configure:9552: result: 262144
configure:9600: checking how to convert x86_64-unknown-plan9 file names to x86_64-unknown-plan9 format
configure:9641: result: func_convert_file_noop
configure:9648: checking how to convert x86_64-unknown-plan9 file names to toolchain format
configure:9669: result: func_convert_file_noop
configure:9676: checking for pcc option to reload object files
configure:9684: result: -r
configure:9763: checking for objdump
configure:9798: result: no
configure:9824: checking how to recognize dependent libraries
configure:10025: result: unknown
configure:10115: checking for dlltool
configure:10150: result: no
configure:10177: checking how to associate runtime and link libraries
configure:10205: result: print -r --
configure:10270: checking for ar
configure:10291: found /bin/ar
configure:10302: result: ar
configure:10339: checking for archiver @FILE support
configure:10357: cc -c -g  conftest.c >&5
configure:10357: $? = 0
configure:10361: ar cru libconftest.a @conftest.lst >&5
ar: @conftest.lst cannot open
configure:10364: $? = 0
configure:10369: ar cru libconftest.a @conftest.lst >&5
ar: @conftest.lst cannot open
configure:10372: $? = 0
configure:10384: result: no
configure:10447: checking for strip
configure:10468: found /bin/strip
configure:10479: result: strip
configure:10556: checking for ranlib
configure:10577: found /bin/ranlib
configure:10588: result: ranlib
configure:10690: checking command to parse /bin/nm output from cc object
configure:10844: cc -c -g  conftest.c >&5
configure:10847: $? = 0
configure:10851: /bin/nm conftest.o \| sed -n -e 's/^.*[ ]\([BCDEGRST][BCDEGRST]*\)[ ][ ]*\([_A-Za-z][_A-Za-z0-9]*\)$/\1 \2 \2/p' | sed '/ __gnu_lto/d' \> conftest.nm
configure:10854: $? = 0
configure:10920: cc -o conftest -g   conftest.c conftstm.o >&5
configure:10923: $? = 0
configure:10961: result: ok
configure:11008: checking for sysroot
configure:11039: result: no
configure:11046: checking for a working dd
configure:11090: result: 
configure:11094: checking how to truncate binary pipes
configure:11110: result: /bin/sed -e 4q
configure:11447: checking for mt
configure:11482: result: no
configure:11502: checking if : is a manifest tool
configure:11509: : '-?'
configure:11517: result: no
configure:12238: checking for dlfcn.h
configure:12238: cc -c -g  conftest.c >&5
configure:12238: $? = 0
configure:12238: result: yes
configure:12834: checking for objdir
configure:12850: result: .libs
configure:13508: checking for cc option to produce PIC
configure:13516: result:  -DPIC
configure:13524: checking if cc PIC flag  -DPIC works
configure:13543: cc -c -g   -DPIC -DPIC conftest.c >&5
configure:13547: $? = 0
configure:13560: result: yes
configure:13589: checking if cc static flag  works
configure:13618: result: yes
configure:13633: checking if cc supports -c -o file.o
configure:13655: cc -c -g  -o out/conftest2.o conftest.c >&5
configure:13659: $? = 0
configure:13681: result: yes
configure:13689: checking if cc supports -c -o file.o
configure:13737: result: yes
configure:13770: checking whether the cc linker (pcc) supports shared libraries
configure:15036: result: no
configure:15277: checking dynamic linker characteristics
configure:16098: result: no
configure:16220: checking how to hardcode library paths into programs
configure:16245: result: unsupported
configure:16347: checking for shl_load
configure:16347: cc -o conftest -g   conftest.c  >&5
main: undefined: shl_load in main
cc: 6l: 6l 2954: error
configure:16347: $? = 1
configure: failed program was:
| /* confdefs.h */
| #define PACKAGE_NAME "re2c"
| #define PACKAGE_TARNAME "re2c"
| #define PACKAGE_VERSION "3.0"
| #define PACKAGE_STRING "re2c 3.0"
| #define PACKAGE_BUGREPORT "re2c-general@lists.sourceforge.net"
| #define PACKAGE_URL ""
| #define PACKAGE "re2c"
| #define VERSION "3.0"
| #define HAVE_STDIO_H 1
| #define HAVE_STDLIB_H 1
| #define HAVE_STRING_H 1
| #define HAVE_INTTYPES_H 1
| #define HAVE_STDINT_H 1
| #define HAVE_STRINGS_H 1
| #define HAVE_SYS_STAT_H 1
| #define HAVE_SYS_TYPES_H 1
| #define HAVE_UNISTD_H 1
| #define HAVE_WCHAR_H 1
| #define STDC_HEADERS 1
| #define _ALL_SOURCE 1
| #define _DARWIN_C_SOURCE 1
| #define _GNU_SOURCE 1
| #define _HPUX_ALT_XOPEN_SOCKET_API 1
| #define _NETBSD_SOURCE 1
| #define _OPENBSD_SOURCE 1
| #define _POSIX_PTHREAD_SEMANTICS 1
| #define __STDC_WANT_IEC_60559_ATTRIBS_EXT__ 1
| #define __STDC_WANT_IEC_60559_BFP_EXT__ 1
| #define __STDC_WANT_IEC_60559_DFP_EXT__ 1
| #define __STDC_WANT_IEC_60559_FUNCS_EXT__ 1
| #define __STDC_WANT_IEC_60559_TYPES_EXT__ 1
| #define __STDC_WANT_LIB_EXT2__ 1
| #define __STDC_WANT_MATH_SPEC_FUNCS__ 1
| #define _TANDEM_SOURCE 1
| #define __EXTENSIONS__ 1
| #define HAVE_STDINT_H 1
| #define HAVE_SYS_TYPES_H 1
| #define HAVE_SYS_STAT_H 1
| #define HAVE_FCNTL_H 1
| #define HAVE_UNISTD_H 1
| #define SIZEOF_CHAR 0
| #define SIZEOF_SHORT 0
| #define SIZEOF_INT 0
| #define SIZEOF_LONG 0
| #define SIZEOF_LONG_LONG 0
| #define SIZEOF___INT64 0
| #define SIZEOF_VOID_P 0
| #define SIZEOF_0L 0
| #define SIZEOF_0LL 0
| #define SIZEOF_0I8 0
| #define HAVE_DLFCN_H 1
| #define LT_OBJDIR ".libs/"
| /* end confdefs.h.  */
| /* Define shl_load to an innocuous variant, in case <limits.h> declares shl_load.
|    For example, HP-UX 11i <limits.h> declares gettimeofday.  */
| #define shl_load innocuous_shl_load
| 
| /* System header to define __stub macros and hopefully few prototypes,
|    which can conflict with char shl_load (); below.  */
| 
| #include <limits.h>
| #undef shl_load
| 
| /* Override any GCC internal prototype to avoid an error.
|    Use char because int might match the return type of a GCC
|    builtin and then its argument prototype would still apply.  */
| #ifdef __cplusplus
| extern "C"
| #endif
| char shl_load ();
| /* The GNU C library defines this for functions which it implements
|     to always fail with ENOSYS.  Some functions are actually named
|     something starting with __ and the normal name is an alias.  */
| #if defined __stub_shl_load || defined __stub___shl_load
| choke me
| #endif
| 
| int
| main (void)
| {
| return shl_load ();
|   ;
|   return 0;
| }
configure:16347: result: no
configure:16352: checking for shl_load in -ldld
configure:16375: cc -o conftest -g   conftest.c -ldld   >&5
main: undefined: shl_load in main
cc: can't find library for -l
cc: 6l: 6l 2974: error
configure:16375: $? = 1
configure: failed program was:
| /* confdefs.h */
| #define PACKAGE_NAME "re2c"
| #define PACKAGE_TARNAME "re2c"
| #define PACKAGE_VERSION "3.0"
| #define PACKAGE_STRING "re2c 3.0"
| #define PACKAGE_BUGREPORT "re2c-general@lists.sourceforge.net"
| #define PACKAGE_URL ""
| #define PACKAGE "re2c"
| #define VERSION "3.0"
| #define HAVE_STDIO_H 1
| #define HAVE_STDLIB_H 1
| #define HAVE_STRING_H 1
| #define HAVE_INTTYPES_H 1
| #define HAVE_STDINT_H 1
| #define HAVE_STRINGS_H 1
| #define HAVE_SYS_STAT_H 1
| #define HAVE_SYS_TYPES_H 1
| #define HAVE_UNISTD_H 1
| #define HAVE_WCHAR_H 1
| #define STDC_HEADERS 1
| #define _ALL_SOURCE 1
| #define _DARWIN_C_SOURCE 1
| #define _GNU_SOURCE 1
| #define _HPUX_ALT_XOPEN_SOCKET_API 1
| #define _NETBSD_SOURCE 1
| #define _OPENBSD_SOURCE 1
| #define _POSIX_PTHREAD_SEMANTICS 1
| #define __STDC_WANT_IEC_60559_ATTRIBS_EXT__ 1
| #define __STDC_WANT_IEC_60559_BFP_EXT__ 1
| #define __STDC_WANT_IEC_60559_DFP_EXT__ 1
| #define __STDC_WANT_IEC_60559_FUNCS_EXT__ 1
| #define __STDC_WANT_IEC_60559_TYPES_EXT__ 1
| #define __STDC_WANT_LIB_EXT2__ 1
| #define __STDC_WANT_MATH_SPEC_FUNCS__ 1
| #define _TANDEM_SOURCE 1
| #define __EXTENSIONS__ 1
| #define HAVE_STDINT_H 1
| #define HAVE_SYS_TYPES_H 1
| #define HAVE_SYS_STAT_H 1
| #define HAVE_FCNTL_H 1
| #define HAVE_UNISTD_H 1
| #define SIZEOF_CHAR 0
| #define SIZEOF_SHORT 0
| #define SIZEOF_INT 0
| #define SIZEOF_LONG 0
| #define SIZEOF_LONG_LONG 0
| #define SIZEOF___INT64 0
| #define SIZEOF_VOID_P 0
| #define SIZEOF_0L 0
| #define SIZEOF_0LL 0
| #define SIZEOF_0I8 0
| #define HAVE_DLFCN_H 1
| #define LT_OBJDIR ".libs/"
| /* end confdefs.h.  */
| 
| /* Override any GCC internal prototype to avoid an error.
|    Use char because int might match the return type of a GCC
|    builtin and then its argument prototype would still apply.  */
| char shl_load ();
| int
| main (void)
| {
| return shl_load ();
|   ;
|   return 0;
| }
configure:16385: result: no
configure:16391: checking for dlopen
configure:16391: cc -o conftest -g   conftest.c  >&5
main: undefined: dlopen in main
cc: 6l: 6l 2994: error
configure:16391: $? = 1
configure: failed program was:
| /* confdefs.h */
| #define PACKAGE_NAME "re2c"
| #define PACKAGE_TARNAME "re2c"
| #define PACKAGE_VERSION "3.0"
| #define PACKAGE_STRING "re2c 3.0"
| #define PACKAGE_BUGREPORT "re2c-general@lists.sourceforge.net"
| #define PACKAGE_URL ""
| #define PACKAGE "re2c"
| #define VERSION "3.0"
| #define HAVE_STDIO_H 1
| #define HAVE_STDLIB_H 1
| #define HAVE_STRING_H 1
| #define HAVE_INTTYPES_H 1
| #define HAVE_STDINT_H 1
| #define HAVE_STRINGS_H 1
| #define HAVE_SYS_STAT_H 1
| #define HAVE_SYS_TYPES_H 1
| #define HAVE_UNISTD_H 1
| #define HAVE_WCHAR_H 1
| #define STDC_HEADERS 1
| #define _ALL_SOURCE 1
| #define _DARWIN_C_SOURCE 1
| #define _GNU_SOURCE 1
| #define _HPUX_ALT_XOPEN_SOCKET_API 1
| #define _NETBSD_SOURCE 1
| #define _OPENBSD_SOURCE 1
| #define _POSIX_PTHREAD_SEMANTICS 1
| #define __STDC_WANT_IEC_60559_ATTRIBS_EXT__ 1
| #define __STDC_WANT_IEC_60559_BFP_EXT__ 1
| #define __STDC_WANT_IEC_60559_DFP_EXT__ 1
| #define __STDC_WANT_IEC_60559_FUNCS_EXT__ 1
| #define __STDC_WANT_IEC_60559_TYPES_EXT__ 1
| #define __STDC_WANT_LIB_EXT2__ 1
| #define __STDC_WANT_MATH_SPEC_FUNCS__ 1
| #define _TANDEM_SOURCE 1
| #define __EXTENSIONS__ 1
| #define HAVE_STDINT_H 1
| #define HAVE_SYS_TYPES_H 1
| #define HAVE_SYS_STAT_H 1
| #define HAVE_FCNTL_H 1
| #define HAVE_UNISTD_H 1
| #define SIZEOF_CHAR 0
| #define SIZEOF_SHORT 0
| #define SIZEOF_INT 0
| #define SIZEOF_LONG 0
| #define SIZEOF_LONG_LONG 0
| #define SIZEOF___INT64 0
| #define SIZEOF_VOID_P 0
| #define SIZEOF_0L 0
| #define SIZEOF_0LL 0
| #define SIZEOF_0I8 0
| #define HAVE_DLFCN_H 1
| #define LT_OBJDIR ".libs/"
| /* end confdefs.h.  */
| /* Define dlopen to an innocuous variant, in case <limits.h> declares dlopen.
|    For example, HP-UX 11i <limits.h> declares gettimeofday.  */
| #define dlopen innocuous_dlopen
| 
| /* System header to define __stub macros and hopefully few prototypes,
|    which can conflict with char dlopen (); below.  */
| 
| #include <limits.h>
| #undef dlopen
| 
| /* Override any GCC internal prototype to avoid an error.
|    Use char because int might match the return type of a GCC
|    builtin and then its argument prototype would still apply.  */
| #ifdef __cplusplus
| extern "C"
| #endif
| char dlopen ();
| /* The GNU C library defines this for functions which it implements
|     to always fail with ENOSYS.  Some functions are actually named
|     something starting with __ and the normal name is an alias.  */
| #if defined __stub_dlopen || defined __stub___dlopen
| choke me
| #endif
| 
| int
| main (void)
| {
| return dlopen ();
|   ;
|   return 0;
| }
configure:16391: result: no
configure:16396: checking for dlopen in -ldl
configure:16419: cc -o conftest -g   conftest.c -ldl   >&5
main: undefined: dlopen in main
cc: can't find library for -l
cc: 6l: 6l 3014: error
configure:16419: $? = 1
configure: failed program was:
| /* confdefs.h */
| #define PACKAGE_NAME "re2c"
| #define PACKAGE_TARNAME "re2c"
| #define PACKAGE_VERSION "3.0"
| #define PACKAGE_STRING "re2c 3.0"
| #define PACKAGE_BUGREPORT "re2c-general@lists.sourceforge.net"
| #define PACKAGE_URL ""
| #define PACKAGE "re2c"
| #define VERSION "3.0"
| #define HAVE_STDIO_H 1
| #define HAVE_STDLIB_H 1
| #define HAVE_STRING_H 1
| #define HAVE_INTTYPES_H 1
| #define HAVE_STDINT_H 1
| #define HAVE_STRINGS_H 1
| #define HAVE_SYS_STAT_H 1
| #define HAVE_SYS_TYPES_H 1
| #define HAVE_UNISTD_H 1
| #define HAVE_WCHAR_H 1
| #define STDC_HEADERS 1
| #define _ALL_SOURCE 1
| #define _DARWIN_C_SOURCE 1
| #define _GNU_SOURCE 1
| #define _HPUX_ALT_XOPEN_SOCKET_API 1
| #define _NETBSD_SOURCE 1
| #define _OPENBSD_SOURCE 1
| #define _POSIX_PTHREAD_SEMANTICS 1
| #define __STDC_WANT_IEC_60559_ATTRIBS_EXT__ 1
| #define __STDC_WANT_IEC_60559_BFP_EXT__ 1
| #define __STDC_WANT_IEC_60559_DFP_EXT__ 1
| #define __STDC_WANT_IEC_60559_FUNCS_EXT__ 1
| #define __STDC_WANT_IEC_60559_TYPES_EXT__ 1
| #define __STDC_WANT_LIB_EXT2__ 1
| #define __STDC_WANT_MATH_SPEC_FUNCS__ 1
| #define _TANDEM_SOURCE 1
| #define __EXTENSIONS__ 1
| #define HAVE_STDINT_H 1
| #define HAVE_SYS_TYPES_H 1
| #define HAVE_SYS_STAT_H 1
| #define HAVE_FCNTL_H 1
| #define HAVE_UNISTD_H 1
| #define SIZEOF_CHAR 0
| #define SIZEOF_SHORT 0
| #define SIZEOF_INT 0
| #define SIZEOF_LONG 0
| #define SIZEOF_LONG_LONG 0
| #define SIZEOF___INT64 0
| #define SIZEOF_VOID_P 0
| #define SIZEOF_0L 0
| #define SIZEOF_0LL 0
| #define SIZEOF_0I8 0
| #define HAVE_DLFCN_H 1
| #define LT_OBJDIR ".libs/"
| /* end confdefs.h.  */
| 
| /* Override any GCC internal prototype to avoid an error.
|    Use char because int might match the return type of a GCC
|    builtin and then its argument prototype would still apply.  */
| char dlopen ();
| int
| main (void)
| {
| return dlopen ();
|   ;
|   return 0;
| }
configure:16429: result: no
configure:16435: checking for dlopen in -lsvld
configure:16458: cc -o conftest -g   conftest.c -lsvld   >&5
main: undefined: dlopen in main
cc: can't find library for -l
cc: 6l: 6l 3034: error
configure:16458: $? = 1
configure: failed program was:
| /* confdefs.h */
| #define PACKAGE_NAME "re2c"
| #define PACKAGE_TARNAME "re2c"
| #define PACKAGE_VERSION "3.0"
| #define PACKAGE_STRING "re2c 3.0"
| #define PACKAGE_BUGREPORT "re2c-general@lists.sourceforge.net"
| #define PACKAGE_URL ""
| #define PACKAGE "re2c"
| #define VERSION "3.0"
| #define HAVE_STDIO_H 1
| #define HAVE_STDLIB_H 1
| #define HAVE_STRING_H 1
| #define HAVE_INTTYPES_H 1
| #define HAVE_STDINT_H 1
| #define HAVE_STRINGS_H 1
| #define HAVE_SYS_STAT_H 1
| #define HAVE_SYS_TYPES_H 1
| #define HAVE_UNISTD_H 1
| #define HAVE_WCHAR_H 1
| #define STDC_HEADERS 1
| #define _ALL_SOURCE 1
| #define _DARWIN_C_SOURCE 1
| #define _GNU_SOURCE 1
| #define _HPUX_ALT_XOPEN_SOCKET_API 1
| #define _NETBSD_SOURCE 1
| #define _OPENBSD_SOURCE 1
| #define _POSIX_PTHREAD_SEMANTICS 1
| #define __STDC_WANT_IEC_60559_ATTRIBS_EXT__ 1
| #define __STDC_WANT_IEC_60559_BFP_EXT__ 1
| #define __STDC_WANT_IEC_60559_DFP_EXT__ 1
| #define __STDC_WANT_IEC_60559_FUNCS_EXT__ 1
| #define __STDC_WANT_IEC_60559_TYPES_EXT__ 1
| #define __STDC_WANT_LIB_EXT2__ 1
| #define __STDC_WANT_MATH_SPEC_FUNCS__ 1
| #define _TANDEM_SOURCE 1
| #define __EXTENSIONS__ 1
| #define HAVE_STDINT_H 1
| #define HAVE_SYS_TYPES_H 1
| #define HAVE_SYS_STAT_H 1
| #define HAVE_FCNTL_H 1
| #define HAVE_UNISTD_H 1
| #define SIZEOF_CHAR 0
| #define SIZEOF_SHORT 0
| #define SIZEOF_INT 0
| #define SIZEOF_LONG 0
| #define SIZEOF_LONG_LONG 0
| #define SIZEOF___INT64 0
| #define SIZEOF_VOID_P 0
| #define SIZEOF_0L 0
| #define SIZEOF_0LL 0
| #define SIZEOF_0I8 0
| #define HAVE_DLFCN_H 1
| #define LT_OBJDIR ".libs/"
| /* end confdefs.h.  */
| 
| /* Override any GCC internal prototype to avoid an error.
|    Use char because int might match the return type of a GCC
|    builtin and then its argument prototype would still apply.  */
| char dlopen ();
| int
| main (void)
| {
| return dlopen ();
|   ;
|   return 0;
| }
configure:16468: result: no
configure:16474: checking for dld_link in -ldld
configure:16497: cc -o conftest -g   conftest.c -ldld   >&5
main: undefined: dld_link in main
cc: can't find library for -l
cc: 6l: 6l 3054: error
configure:16497: $? = 1
configure: failed program was:
| /* confdefs.h */
| #define PACKAGE_NAME "re2c"
| #define PACKAGE_TARNAME "re2c"
| #define PACKAGE_VERSION "3.0"
| #define PACKAGE_STRING "re2c 3.0"
| #define PACKAGE_BUGREPORT "re2c-general@lists.sourceforge.net"
| #define PACKAGE_URL ""
| #define PACKAGE "re2c"
| #define VERSION "3.0"
| #define HAVE_STDIO_H 1
| #define HAVE_STDLIB_H 1
| #define HAVE_STRING_H 1
| #define HAVE_INTTYPES_H 1
| #define HAVE_STDINT_H 1
| #define HAVE_STRINGS_H 1
| #define HAVE_SYS_STAT_H 1
| #define HAVE_SYS_TYPES_H 1
| #define HAVE_UNISTD_H 1
| #define HAVE_WCHAR_H 1
| #define STDC_HEADERS 1
| #define _ALL_SOURCE 1
| #define _DARWIN_C_SOURCE 1
| #define _GNU_SOURCE 1
| #define _HPUX_ALT_XOPEN_SOCKET_API 1
| #define _NETBSD_SOURCE 1
| #define _OPENBSD_SOURCE 1
| #define _POSIX_PTHREAD_SEMANTICS 1
| #define __STDC_WANT_IEC_60559_ATTRIBS_EXT__ 1
| #define __STDC_WANT_IEC_60559_BFP_EXT__ 1
| #define __STDC_WANT_IEC_60559_DFP_EXT__ 1
| #define __STDC_WANT_IEC_60559_FUNCS_EXT__ 1
| #define __STDC_WANT_IEC_60559_TYPES_EXT__ 1
| #define __STDC_WANT_LIB_EXT2__ 1
| #define __STDC_WANT_MATH_SPEC_FUNCS__ 1
| #define _TANDEM_SOURCE 1
| #define __EXTENSIONS__ 1
| #define HAVE_STDINT_H 1
| #define HAVE_SYS_TYPES_H 1
| #define HAVE_SYS_STAT_H 1
| #define HAVE_FCNTL_H 1
| #define HAVE_UNISTD_H 1
| #define SIZEOF_CHAR 0
| #define SIZEOF_SHORT 0
| #define SIZEOF_INT 0
| #define SIZEOF_LONG 0
| #define SIZEOF_LONG_LONG 0
| #define SIZEOF___INT64 0
| #define SIZEOF_VOID_P 0
| #define SIZEOF_0L 0
| #define SIZEOF_0LL 0
| #define SIZEOF_0I8 0
| #define HAVE_DLFCN_H 1
| #define LT_OBJDIR ".libs/"
| /* end confdefs.h.  */
| 
| /* Override any GCC internal prototype to avoid an error.
|    Use char because int might match the return type of a GCC
|    builtin and then its argument prototype would still apply.  */
| char dld_link ();
| int
| main (void)
| {
| return dld_link ();
|   ;
|   return 0;
| }
configure:16507: result: no
configure:16797: checking whether stripping libraries is possible
configure:16819: result: no
configure:16837: checking if libtool supports shared libraries
configure:16839: result: no
configure:16842: checking whether to build shared libraries
configure:16867: result: no
configure:16870: checking whether to build static libraries
configure:16874: result: yes
configure:16897: checking how to run the C++ preprocessor
configure:16919: c++ -E  conftest.cpp
configure:16919: $? = 0
configure:16934: c++ -E  conftest.cpp
cpp: /tmp/cxx.3107.conftest.c:55 Could not find include file <ac_nonexistent.h>
cc: cpp: cpp 3114: error
configure:16934: $? = 0
configure:16919: c++ -E  conftest.cpp
configure:16919: $? = 0
configure:16934: c++ -E  conftest.cpp
cpp: /tmp/cxx.3137.conftest.c:55 Could not find include file <ac_nonexistent.h>
cc: cpp: cpp 3144: error
configure:16934: $? = 0
configure: failed program was:
| /* confdefs.h */
| #define PACKAGE_NAME "re2c"
| #define PACKAGE_TARNAME "re2c"
| #define PACKAGE_VERSION "3.0"
| #define PACKAGE_STRING "re2c 3.0"
| #define PACKAGE_BUGREPORT "re2c-general@lists.sourceforge.net"
| #define PACKAGE_URL ""
| #define PACKAGE "re2c"
| #define VERSION "3.0"
| #define HAVE_STDIO_H 1
| #define HAVE_STDLIB_H 1
| #define HAVE_STRING_H 1
| #define HAVE_INTTYPES_H 1
| #define HAVE_STDINT_H 1
| #define HAVE_STRINGS_H 1
| #define HAVE_SYS_STAT_H 1
| #define HAVE_SYS_TYPES_H 1
| #define HAVE_UNISTD_H 1
| #define HAVE_WCHAR_H 1
| #define STDC_HEADERS 1
| #define _ALL_SOURCE 1
| #define _DARWIN_C_SOURCE 1
| #define _GNU_SOURCE 1
| #define _HPUX_ALT_XOPEN_SOCKET_API 1
| #define _NETBSD_SOURCE 1
| #define _OPENBSD_SOURCE 1
| #define _POSIX_PTHREAD_SEMANTICS 1
| #define __STDC_WANT_IEC_60559_ATTRIBS_EXT__ 1
| #define __STDC_WANT_IEC_60559_BFP_EXT__ 1
| #define __STDC_WANT_IEC_60559_DFP_EXT__ 1
| #define __STDC_WANT_IEC_60559_FUNCS_EXT__ 1
| #define __STDC_WANT_IEC_60559_TYPES_EXT__ 1
| #define __STDC_WANT_LIB_EXT2__ 1
| #define __STDC_WANT_MATH_SPEC_FUNCS__ 1
| #define _TANDEM_SOURCE 1
| #define __EXTENSIONS__ 1
| #define HAVE_STDINT_H 1
| #define HAVE_SYS_TYPES_H 1
| #define HAVE_SYS_STAT_H 1
| #define HAVE_FCNTL_H 1
| #define HAVE_UNISTD_H 1
| #define SIZEOF_CHAR 0
| #define SIZEOF_SHORT 0
| #define SIZEOF_INT 0
| #define SIZEOF_LONG 0
| #define SIZEOF_LONG_LONG 0
| #define SIZEOF___INT64 0
| #define SIZEOF_VOID_P 0
| #define SIZEOF_0L 0
| #define SIZEOF_0LL 0
| #define SIZEOF_0I8 0
| #define HAVE_DLFCN_H 1
| #define LT_OBJDIR ".libs/"
| /* end confdefs.h.  */
| #include <ac_nonexistent.h>
configure:16961: result: c++ -E
configure:16975: c++ -E  conftest.cpp
configure:16975: $? = 0
configure:16990: c++ -E  conftest.cpp
cpp: /tmp/cxx.3172.conftest.c:55 Could not find include file <ac_nonexistent.h>
cc: cpp: cpp 3179: error
configure:16990: $? = 0
configure:16975: c++ -E  conftest.cpp
configure:16975: $? = 0
configure:16990: c++ -E  conftest.cpp
cpp: /tmp/cxx.3202.conftest.c:55 Could not find include file <ac_nonexistent.h>
cc: cpp: cpp 3209: error
configure:16990: $? = 0
configure: failed program was:
| /* confdefs.h */
| #define PACKAGE_NAME "re2c"
| #define PACKAGE_TARNAME "re2c"
| #define PACKAGE_VERSION "3.0"
| #define PACKAGE_STRING "re2c 3.0"
| #define PACKAGE_BUGREPORT "re2c-general@lists.sourceforge.net"
| #define PACKAGE_URL ""
| #define PACKAGE "re2c"
| #define VERSION "3.0"
| #define HAVE_STDIO_H 1
| #define HAVE_STDLIB_H 1
| #define HAVE_STRING_H 1
| #define HAVE_INTTYPES_H 1
| #define HAVE_STDINT_H 1
| #define HAVE_STRINGS_H 1
| #define HAVE_SYS_STAT_H 1
| #define HAVE_SYS_TYPES_H 1
| #define HAVE_UNISTD_H 1
| #define HAVE_WCHAR_H 1
| #define STDC_HEADERS 1
| #define _ALL_SOURCE 1
| #define _DARWIN_C_SOURCE 1
| #define _GNU_SOURCE 1
| #define _HPUX_ALT_XOPEN_SOCKET_API 1
| #define _NETBSD_SOURCE 1
| #define _OPENBSD_SOURCE 1
| #define _POSIX_PTHREAD_SEMANTICS 1
| #define __STDC_WANT_IEC_60559_ATTRIBS_EXT__ 1
| #define __STDC_WANT_IEC_60559_BFP_EXT__ 1
| #define __STDC_WANT_IEC_60559_DFP_EXT__ 1
| #define __STDC_WANT_IEC_60559_FUNCS_EXT__ 1
| #define __STDC_WANT_IEC_60559_TYPES_EXT__ 1
| #define __STDC_WANT_LIB_EXT2__ 1
| #define __STDC_WANT_MATH_SPEC_FUNCS__ 1
| #define _TANDEM_SOURCE 1
| #define __EXTENSIONS__ 1
| #define HAVE_STDINT_H 1
| #define HAVE_SYS_TYPES_H 1
| #define HAVE_SYS_STAT_H 1
| #define HAVE_FCNTL_H 1
| #define HAVE_UNISTD_H 1
| #define SIZEOF_CHAR 0
| #define SIZEOF_SHORT 0
| #define SIZEOF_INT 0
| #define SIZEOF_LONG 0
| #define SIZEOF_LONG_LONG 0
| #define SIZEOF___INT64 0
| #define SIZEOF_VOID_P 0
| #define SIZEOF_0L 0
| #define SIZEOF_0LL 0
| #define SIZEOF_0I8 0
| #define HAVE_DLFCN_H 1
| #define LT_OBJDIR ".libs/"
| /* end confdefs.h.  */
| #include <ac_nonexistent.h>
main: undefined: __cfront_pre_main in main
configure:17301: checking whether the c++ linker (pcc) supports shared libraries
configure:18378: result: no
configure:18414: c++ -c -g  conftest.cpp >&5
"/tmp/cxx.3269/conftest.src.c", line 2: error:  undefined function __nw called
configure:18417: $? = 0
configure:18898: checking for c++ option to produce PIC
configure:18906: result:  -DPIC
configure:18914: checking if c++ PIC flag  -DPIC works
configure:18933: c++ -c -g   -DPIC -DPIC conftest.cpp >&5
configure:18937: $? = 0
configure:18950: result: yes
configure:18973: checking if c++ static flag  works
main: undefined: __cfront_pre_main in main
configure:19002: result: no
configure:19014: checking if c++ supports -c -o file.o
configure:19036: c++ -c -g  -o out/conftest2.o conftest.cpp >&5
configure:19040: $? = 0
configure:19062: result: yes
configure:19067: checking if c++ supports -c -o file.o
configure:19115: result: yes
configure:19145: checking whether the c++ linker (pcc) supports shared libraries
configure:19185: result: no
configure:19327: checking dynamic linker characteristics
configure:20075: result: no
configure:20140: checking how to hardcode library paths into programs
configure:20165: result: unsupported
configure:20338: checking that generated files are newer than configure
configure:20344: result: done
configure:20415: creating ./config.status

## ---------------------- ##
## Running config.status. ##
## ---------------------- ##

This file was extended by re2c config.status 3.0, which was
generated by GNU Autoconf 2.71.  Invocation command line was

  CONFIG_FILES    = 
  CONFIG_HEADERS  = 
  CONFIG_LINKS    = 
  CONFIG_COMMANDS = 
  $ ./config.status 

on krypton

config.status:1215: creating Makefile
config.status:1215: creating benchmarks/submatch_nfa/Makefile
config.status:1215: creating benchmarks/submatch_dfa_aot/Makefile
config.status:1215: creating benchmarks/submatch_dfa_jit/Makefile
config.status:1215: creating benchmarks/submatch_java/Makefile
config.status:1215: creating doc/manpage.rst
config.status:1215: creating doc/help.rst
config.status:1215: creating run_tests.py
config.status:1215: creating benchmarks/submatch_dfa_aot/run.py
config.status:1215: creating benchmarks/submatch_java/run.py
config.status:1215: creating config.h
config.status:1475: executing depfiles commands
config.status:1550: cd .       && sed -e '/# am--include-marker/d' Makefile         | make -f - am--depfiles
config.status:1557: $? = 0
config.status:1550: cd benchmarks/submatch_nfa       && sed -e '/# am--include-marker/d' Makefile         | make -f - am--depfiles
config.status:1557: $? = 0
config.status:1550: cd benchmarks/submatch_dfa_jit       && sed -e '/# am--include-marker/d' Makefile         | make -f - am--depfiles
config.status:1557: $? = 0
config.status:1475: executing libtool commands
configure:22872: WARNING: unrecognized options: --disable-nls

## ---------------- ##
## Cache variables. ##
## ---------------- ##

ac_cv_build=x86_64-unknown-plan9
ac_cv_c_compiler_gnu=no
ac_cv_cxx_compiler_gnu=no
ac_cv_env_CCC_set=
ac_cv_env_CCC_value=
ac_cv_env_CC_set=
ac_cv_env_CC_value=
ac_cv_env_CFLAGS_set=
ac_cv_env_CFLAGS_value=
ac_cv_env_CPPFLAGS_set=
ac_cv_env_CPPFLAGS_value=
ac_cv_env_CXXCPP_set=
ac_cv_env_CXXCPP_value=
ac_cv_env_CXXFLAGS_set=
ac_cv_env_CXXFLAGS_value=
ac_cv_env_CXX_set=
ac_cv_env_CXX_value=
ac_cv_env_LDFLAGS_set=
ac_cv_env_LDFLAGS_value=
ac_cv_env_LIBS_set=
ac_cv_env_LIBS_value=
ac_cv_env_LT_SYS_LIBRARY_PATH_set=
ac_cv_env_LT_SYS_LIBRARY_PATH_value=
ac_cv_env_RE2C_FOR_BUILD_set=
ac_cv_env_RE2C_FOR_BUILD_value=
ac_cv_env_build_alias_set=
ac_cv_env_build_alias_value=
ac_cv_env_host_alias_set=
ac_cv_env_host_alias_value=
ac_cv_env_target_alias_set=
ac_cv_env_target_alias_value=
ac_cv_func_dlopen=no
ac_cv_func_shl_load=no
ac_cv_header_dlfcn_h=yes
ac_cv_header_fcntl_h=yes
ac_cv_header_inttypes_h=yes
ac_cv_header_io_h=no
ac_cv_header_minix_config_h=no
ac_cv_header_stdint_h=yes
ac_cv_header_stdio_h=yes
ac_cv_header_stdlib_h=yes
ac_cv_header_string_h=yes
ac_cv_header_strings_h=yes
ac_cv_header_sys_stat_h=yes
ac_cv_header_sys_types_h=yes
ac_cv_header_unistd_h=yes
ac_cv_header_wchar_h=yes
ac_cv_host=x86_64-unknown-plan9
ac_cv_lib_dl_dlopen=no
ac_cv_lib_dld_dld_link=no
ac_cv_lib_dld_shl_load=no
ac_cv_lib_svld_dlopen=no
ac_cv_objext=o
ac_cv_path_BISON=/bin/bison
ac_cv_path_EGREP='/bin/grep -E'
ac_cv_path_FGREP='/bin/grep -F'
ac_cv_path_GREP=/bin/grep
ac_cv_path_SED=/bin/sed
ac_cv_path_install='/bin/ginstall -c'
ac_cv_path_mkdir=/bin/mkdir
ac_cv_prog_AWK=gawk
ac_cv_prog_CC=cc
ac_cv_prog_CXXCPP='c++ -E'
ac_cv_prog_ac_ct_AR=ar
ac_cv_prog_ac_ct_CXX=c++
ac_cv_prog_ac_ct_RANLIB=ranlib
ac_cv_prog_ac_ct_STRIP=strip
ac_cv_prog_cc_c11=no
ac_cv_prog_cc_c89=
ac_cv_prog_cc_c99=no
ac_cv_prog_cc_g=yes
ac_cv_prog_cc_stdc=
ac_cv_prog_cxx_11=no
ac_cv_prog_cxx_g=yes
ac_cv_prog_cxx_stdcxx=
ac_cv_prog_make_make_set=yes
ac_cv_safe_to_define___extensions__=yes
ac_cv_should_define__xopen_source=no
ac_cv_sizeof_0i8=0
ac_cv_sizeof_0l=0
ac_cv_sizeof_0ll=0
ac_cv_sizeof___int64=0
ac_cv_sizeof_char=0
ac_cv_sizeof_int=0
ac_cv_sizeof_long=0
ac_cv_sizeof_long_long=0
ac_cv_sizeof_short=0
ac_cv_sizeof_void_p=0
am_cv_CC_dependencies_compiler_type=none
am_cv_CXX_dependencies_compiler_type=none
am_cv_make_support_nested_variables=yes
am_cv_prog_cc_c_o=yes
lt_cv_ar_at_file=no
lt_cv_deplibs_check_method=unknown
lt_cv_dlopen=no
lt_cv_dlopen_libs=
lt_cv_file_magic_cmd='$MAGIC_CMD'
lt_cv_file_magic_test_file=
lt_cv_ld_reload_flag=-r
lt_cv_nm_interface='BSD nm'
lt_cv_objdir=.libs
lt_cv_path_LD=pcc
lt_cv_path_LDCXX=
lt_cv_path_NM=/bin/nm
lt_cv_path_mainfest_tool=no
lt_cv_prog_compiler_c_o=yes
lt_cv_prog_compiler_c_o_CXX=yes
lt_cv_prog_compiler_pic=' -DPIC'
lt_cv_prog_compiler_pic_CXX=' -DPIC'
lt_cv_prog_compiler_pic_works=yes
lt_cv_prog_compiler_pic_works_CXX=yes
lt_cv_prog_compiler_static_works=yes
lt_cv_prog_compiler_static_works_CXX=no
lt_cv_prog_gnu_ld=no
lt_cv_prog_gnu_ldcxx=
lt_cv_sharedlib_from_linklib_cmd='print -r --'
lt_cv_sys_global_symbol_pipe='sed -n -e '\''s/^.*[	 ]\([BCDEGRST][BCDEGRST]*\)[	 ][	 ]*\([_A-Za-z][_A-Za-z0-9]*\)$/\1 \2 \2/p'\'' | sed '\''/ __gnu_lto/d'\'
lt_cv_sys_global_symbol_to_c_name_address='sed -n -e '\''s/^: \(.*\) .*$/  {"\1", (void *) 0},/p'\'' -e '\''s/^[BCDEGRST][BCDEGRST]* .* \(.*\)$/  {"\1", (void *) \&\1},/p'\'
lt_cv_sys_global_symbol_to_c_name_address_lib_prefix='sed -n -e '\''s/^: \(.*\) .*$/  {"\1", (void *) 0},/p'\'' -e '\''s/^[BCDEGRST][BCDEGRST]* .* \(lib.*\)$/  {"\1", (void *) \&\1},/p'\'' -e '\''s/^[BCDEGRST][BCDEGRST]* .* \(.*\)$/  {"lib\1", (void *) \&\1},/p'\'
lt_cv_sys_global_symbol_to_cdecl='sed -n -e '\''s/^T .* \(.*\)$/extern int \1();/p'\'' -e '\''s/^[BCDEGRST][BCDEGRST]* .* \(.*\)$/extern char \1;/p'\'
lt_cv_sys_global_symbol_to_import=
lt_cv_sys_max_cmd_len=262144
lt_cv_to_host_file_cmd=func_convert_file_noop
lt_cv_to_tool_file_cmd=func_convert_file_noop
lt_cv_truncate_bin='/bin/sed -e 4q'

## ----------------- ##
## Output variables. ##
## ----------------- ##

ACLOCAL='${SHELL} '\''/usr/glenda/APExp/sys/src/external/re2c/build-aux/missing'\'' aclocal-1.16'
AMDEPBACKSLASH='\'
AMDEP_FALSE='#'
AMDEP_TRUE=''
AMTAR='$${TAR-tar}'
AM_BACKSLASH='\'
AM_DEFAULT_V='$(AM_DEFAULT_VERBOSITY)'
AM_DEFAULT_VERBOSITY='0'
AM_V='$(V)'
AR='ar'
AS='as'
AUTOCONF='${SHELL} '\''/usr/glenda/APExp/sys/src/external/re2c/build-aux/missing'\'' autoconf'
AUTOHEADER='${SHELL} '\''/usr/glenda/APExp/sys/src/external/re2c/build-aux/missing'\'' autoheader'
AUTOMAKE='${SHELL} '\''/usr/glenda/APExp/sys/src/external/re2c/build-aux/missing'\'' automake-1.16'
AWK='gawk'
BISON='/bin/bison'
CC='cc'
CCDEPMODE='depmode=none'
CFLAGS='-g'
CPPFLAGS=''
CSCOPE='cscope'
CTAGS='ctags'
CXX='c++'
CXXCPP='c++ -E'
CXXDEPMODE='depmode=none'
CXXFLAGS='-g'
CXXFLAGSDEFAULT=' -std=c++98  -Wall  -Wextra  -Weffc++  -pedantic  -Wformat=2  -Wredundant-decls  -Wsuggest-attribute=format  -Wconversion  -Wsign-conversion  -Werror=return-type  -O2  -Weverything -Wno-unknown-warning-option     -Wno-reserved-id-macro     -Wno-padded -Wno-old-style-cast     -Wno-nested-anon-types -Wno-global-constructors     -Wno-shadow-field-in-constructor     -Wno-undefined-func-template'
CYGPATH_W='echo'
DEBUG_FALSE=''
DEBUG_TRUE='#'
DEFS='-DHAVE_CONFIG_H'
DEPDIR='.deps'
DLLTOOL='false'
DSYMUTIL=''
DUMPBIN=''
ECHO_C=''
ECHO_N='-n'
ECHO_T=''
EGREP='/bin/grep -E'
ETAGS='etags'
EXEEXT=''
FGREP='/bin/grep -F'
GREP='/bin/grep'
INSTALL_DATA='${INSTALL} -m 644'
INSTALL_PROGRAM='${INSTALL}'
INSTALL_SCRIPT='${INSTALL}'
INSTALL_STRIP_PROGRAM='$(install_sh) -c -s'
LD='pcc'
LDFLAGS=''
LDFLAGS_RE2=''
LIBOBJS=''
LIBS=''
LIBTOOL='$(SHELL) $(top_builddir)/libtool'
LIPO=''
LN_S='cp -pR'
LTLIBOBJS=''
LT_SYS_LIBRARY_PATH=''
MAKEINFO='${SHELL} '\''/usr/glenda/APExp/sys/src/external/re2c/build-aux/missing'\'' makeinfo'
MANIFEST_TOOL=':'
MKDIR_P='/bin/mkdir -p'
NM='/bin/nm'
NMEDIT=''
OBJDUMP='false'
OBJEXT='o'
OTOOL64=''
OTOOL=''
PACKAGE='re2c'
PACKAGE_BUGREPORT='re2c-general@lists.sourceforge.net'
PACKAGE_NAME='re2c'
PACKAGE_RELEASE='1'
PACKAGE_STRING='re2c 3.0'
PACKAGE_TARNAME='re2c'
PACKAGE_URL=''
PACKAGE_VERSION='3.0'
PATH_SEPARATOR=':'
PYTHON=''
RANLIB='ranlib'
RE2C_FOR_BUILD=''
REBUILD_DOCS_FALSE=''
REBUILD_DOCS_TRUE='#'
REBUILD_LEXERS_FALSE=''
REBUILD_LEXERS_TRUE='#'
REGEN_BENCHMARKS_FALSE=''
REGEN_BENCHMARKS_TRUE='#'
RST2MAN=''
SED='/bin/sed'
SET_MAKE=''
SHELL='/bin/sh'
STRIP='strip'
VERSION='3.0'
WITH_BENCHMARKS_FALSE=''
WITH_BENCHMARKS_TRUE='#'
WITH_GOLANG_FALSE='#'
WITH_GOLANG_TRUE=''
WITH_JAVA_FALSE=''
WITH_JAVA_TRUE='#'
WITH_LIBS_FALSE=''
WITH_LIBS_TRUE='#'
WITH_RUST_FALSE='#'
WITH_RUST_TRUE=''
ac_ct_AR='ar'
ac_ct_CC=''
ac_ct_CXX='c++'
ac_ct_DUMPBIN=''
am__EXEEXT_FALSE=''
am__EXEEXT_TRUE='#'
am__fastdepCC_FALSE=''
am__fastdepCC_TRUE='#'
am__fastdepCXX_FALSE=''
am__fastdepCXX_TRUE='#'
am__include='include'
am__isrc=''
am__leading_dot='.'
am__nodep='_no'
am__quote=''
am__tar='$${TAR-tar} chof - "$$tardir"'
am__untar='$${TAR-tar} xf -'
bindir='/bin'
build='x86_64-unknown-plan9'
build_alias=''
build_cpu='x86_64'
build_os='plan9'
build_vendor='unknown'
datadir='/sys/lib/ape'
datarootdir='/sys/lib/ape'
docdir='/sys/doc'
dvidir='/sys/doc'
exec_prefix='${prefix}'
host='x86_64-unknown-plan9'
host_alias=''
host_cpu='x86_64'
host_os='plan9'
host_vendor='unknown'
htmldir='/sys/doc'
includedir='/sys/include/ape'
infodir='/sys/lib/info'
install_sh='${SHELL} /usr/glenda/APExp/sys/src/external/re2c/build-aux/install-sh'
libdir='/amd64/lib/ape'
libexecdir='/bin'
localedir='/sys/lib/ape/locale'
localstatedir='/srv'
mandir='/sys/man'
mkdir_p='$(MKDIR_P)'
oldincludedir='/amd64/include/ape'
pdfdir='/sys/doc'
prefix='/'
program_transform_name='s,x,x,'
psdir='/sys/doc'
runstatedir='/srv'
sbindir='/bin'
sharedstatedir='/srv'
sysconfdir='/sys/lib'
target_alias=''

## ----------- ##
## confdefs.h. ##
## ----------- ##

/* confdefs.h */
#define PACKAGE_NAME "re2c"
#define PACKAGE_TARNAME "re2c"
#define PACKAGE_VERSION "3.0"
#define PACKAGE_STRING "re2c 3.0"
#define PACKAGE_BUGREPORT "re2c-general@lists.sourceforge.net"
#define PACKAGE_URL ""
#define PACKAGE "re2c"
#define VERSION "3.0"
#define HAVE_STDIO_H 1
#define HAVE_STDLIB_H 1
#define HAVE_STRING_H 1
#define HAVE_INTTYPES_H 1
#define HAVE_STDINT_H 1
#define HAVE_STRINGS_H 1
#define HAVE_SYS_STAT_H 1
#define HAVE_SYS_TYPES_H 1
#define HAVE_UNISTD_H 1
#define HAVE_WCHAR_H 1
#define STDC_HEADERS 1
#define _ALL_SOURCE 1
#define _DARWIN_C_SOURCE 1
#define _GNU_SOURCE 1
#define _HPUX_ALT_XOPEN_SOCKET_API 1
#define _NETBSD_SOURCE 1
#define _OPENBSD_SOURCE 1
#define _POSIX_PTHREAD_SEMANTICS 1
#define __STDC_WANT_IEC_60559_ATTRIBS_EXT__ 1
#define __STDC_WANT_IEC_60559_BFP_EXT__ 1
#define __STDC_WANT_IEC_60559_DFP_EXT__ 1
#define __STDC_WANT_IEC_60559_FUNCS_EXT__ 1
#define __STDC_WANT_IEC_60559_TYPES_EXT__ 1
#define __STDC_WANT_LIB_EXT2__ 1
#define __STDC_WANT_MATH_SPEC_FUNCS__ 1
#define _TANDEM_SOURCE 1
#define __EXTENSIONS__ 1
#define HAVE_STDINT_H 1
#define HAVE_SYS_TYPES_H 1
#define HAVE_SYS_STAT_H 1
#define HAVE_FCNTL_H 1
#define HAVE_UNISTD_H 1
#define SIZEOF_CHAR 0
#define SIZEOF_SHORT 0
#define SIZEOF_INT 0
#define SIZEOF_LONG 0
#define SIZEOF_LONG_LONG 0
#define SIZEOF___INT64 0
#define SIZEOF_VOID_P 0
#define SIZEOF_0L 0
#define SIZEOF_0LL 0
#define SIZEOF_0I8 0
#define HAVE_DLFCN_H 1
#define LT_OBJDIR ".libs/"

configure: exit 0
